--------------------------------------------------------
-- Archivo creado  - lunes-octubre-30-2023   
--------------------------------------------------------
--------------------------------------------------------
--  DDL for Sequence INGREDIENTE_SEQ
--------------------------------------------------------

   CREATE SEQUENCE  "PANADERIA"."INGREDIENTE_SEQ"  MINVALUE 1 MAXVALUE 9999999999999999999999999999 INCREMENT BY 1 START WITH 1 CACHE 20 NOORDER  NOCYCLE  NOKEEP  NOSCALE  GLOBAL ;
--------------------------------------------------------
--  DDL for Sequence UNIDAD_MEDIDA_SEQ
--------------------------------------------------------

   CREATE SEQUENCE  "PANADERIA"."UNIDAD_MEDIDA_SEQ"  MINVALUE 1 MAXVALUE 9999999999999999999999999999 INCREMENT BY 1 START WITH 1 CACHE 20 NOORDER  NOCYCLE  NOKEEP  NOSCALE  GLOBAL ;
--------------------------------------------------------
--  DDL for Table FACTURA
--------------------------------------------------------

  CREATE TABLE "PANADERIA"."FACTURA" 
   (	"FACTURA_ID" NUMBER(*,0) GENERATED BY DEFAULT AS IDENTITY MINVALUE 1 MAXVALUE 9999999999999999999999999999 INCREMENT BY 1 START WITH 1 CACHE 20 NOORDER  NOCYCLE  NOKEEP  NOSCALE , 
	"TURNO_ID" NUMBER(*,0), 
	"FECHA" DATE, 
	"TOTAL" NUMBER(10,2)
   ) SEGMENT CREATION DEFERRED 
  PCTFREE 10 PCTUSED 40 INITRANS 1 MAXTRANS 255 
 NOCOMPRESS LOGGING
  TABLESPACE "USERS" ;
--------------------------------------------------------
--  DDL for Table FACTURA_DETALLE
--------------------------------------------------------

  CREATE TABLE "PANADERIA"."FACTURA_DETALLE" 
   (	"DETALLE_ID" NUMBER(*,0) GENERATED BY DEFAULT AS IDENTITY MINVALUE 1 MAXVALUE 9999999999999999999999999999 INCREMENT BY 1 START WITH 1 CACHE 20 NOORDER  NOCYCLE  NOKEEP  NOSCALE , 
	"FACTURA_ID" NUMBER(*,0), 
	"PRODUCTO_ID" NUMBER(*,0), 
	"CANTIDAD" NUMBER(*,0), 
	"PRECIO_UNITARIO" NUMBER(10,2), 
	"SUBTOTAL" NUMBER(10,2)
   ) SEGMENT CREATION DEFERRED 
  PCTFREE 10 PCTUSED 40 INITRANS 1 MAXTRANS 255 
 NOCOMPRESS LOGGING
  TABLESPACE "USERS" ;
--------------------------------------------------------
--  DDL for Table INGREDIENTE
--------------------------------------------------------

  CREATE TABLE "PANADERIA"."INGREDIENTE" 
   (	"INGREDIENTE_ID" NUMBER(*,0) GENERATED BY DEFAULT AS IDENTITY MINVALUE 1 MAXVALUE 9999999999999999999999999999 INCREMENT BY 1 START WITH 1 CACHE 20 NOORDER  NOCYCLE  NOKEEP  NOSCALE , 
	"NOMBRE" VARCHAR2(50 BYTE), 
	"DESCRIPCION" VARCHAR2(255 BYTE), 
	"STOCK_ACTUAL" NUMBER(10,2)
   ) SEGMENT CREATION IMMEDIATE 
  PCTFREE 10 PCTUSED 40 INITRANS 1 MAXTRANS 255 
 NOCOMPRESS LOGGING
  STORAGE(INITIAL 65536 NEXT 1048576 MINEXTENTS 1 MAXEXTENTS 2147483645
  PCTINCREASE 0 FREELISTS 1 FREELIST GROUPS 1
  BUFFER_POOL DEFAULT FLASH_CACHE DEFAULT CELL_FLASH_CACHE DEFAULT)
  TABLESPACE "USERS" ;
--------------------------------------------------------
--  DDL for Table MINI_SISTEM
--------------------------------------------------------

  CREATE TABLE "PANADERIA"."MINI_SISTEM" 
   (	"MINI_SISTEM_ID" NUMBER GENERATED BY DEFAULT AS IDENTITY MINVALUE 1 MAXVALUE 9999999999999999999999999999 INCREMENT BY 1 START WITH 1 CACHE 20 NOORDER  NOCYCLE  NOKEEP  NOSCALE , 
	"DESCRIPCION" VARCHAR2(20 BYTE)
   ) SEGMENT CREATION IMMEDIATE 
  PCTFREE 10 PCTUSED 40 INITRANS 1 MAXTRANS 255 
 NOCOMPRESS LOGGING
  STORAGE(INITIAL 65536 NEXT 1048576 MINEXTENTS 1 MAXEXTENTS 2147483645
  PCTINCREASE 0 FREELISTS 1 FREELIST GROUPS 1
  BUFFER_POOL DEFAULT FLASH_CACHE DEFAULT CELL_FLASH_CACHE DEFAULT)
  TABLESPACE "USERS" ;
--------------------------------------------------------
--  DDL for Table PEDIDO
--------------------------------------------------------

  CREATE TABLE "PANADERIA"."PEDIDO" 
   (	"PEDIDO_ID" NUMBER(*,0) GENERATED BY DEFAULT AS IDENTITY MINVALUE 1 MAXVALUE 9999999999999999999999999999 INCREMENT BY 1 START WITH 1 CACHE 20 NOORDER  NOCYCLE  NOKEEP  NOSCALE , 
	"CANTIDAD_SOLICITADA" NUMBER(*,0), 
	"FECHA_PEDIDO" DATE, 
	"FECHA_DESPACHO" DATE, 
	"USUARIO_ID" NUMBER(*,0), 
	"FECHA_INGRESO_REAL" DATE DEFAULT SYSDATE, 
	"RUTA_ID" NUMBER(*,0), 
	"STATUS" NUMBER DEFAULT 1, 
	"MINI_SISTEM_ID" NUMBER DEFAULT 1
   ) SEGMENT CREATION IMMEDIATE 
  PCTFREE 10 PCTUSED 40 INITRANS 1 MAXTRANS 255 
 NOCOMPRESS LOGGING
  STORAGE(INITIAL 65536 NEXT 1048576 MINEXTENTS 1 MAXEXTENTS 2147483645
  PCTINCREASE 0 FREELISTS 1 FREELIST GROUPS 1
  BUFFER_POOL DEFAULT FLASH_CACHE DEFAULT CELL_FLASH_CACHE DEFAULT)
  TABLESPACE "USERS" ;
--------------------------------------------------------
--  DDL for Table PEDIDO_DETALLE
--------------------------------------------------------

  CREATE TABLE "PANADERIA"."PEDIDO_DETALLE" 
   (	"PEDIDO_DET_ID" NUMBER GENERATED ALWAYS AS IDENTITY MINVALUE 1 MAXVALUE 9999999999999999999999999999 INCREMENT BY 1 START WITH 1 CACHE 20 NOORDER  NOCYCLE  NOKEEP  NOSCALE , 
	"PEDIDO_ID" NUMBER, 
	"CANTIDAD" NUMBER, 
	"PRODUCTO_ID" NUMBER
   ) SEGMENT CREATION IMMEDIATE 
  PCTFREE 10 PCTUSED 40 INITRANS 1 MAXTRANS 255 
 NOCOMPRESS LOGGING
  STORAGE(INITIAL 65536 NEXT 1048576 MINEXTENTS 1 MAXEXTENTS 2147483645
  PCTINCREASE 0 FREELISTS 1 FREELIST GROUPS 1
  BUFFER_POOL DEFAULT FLASH_CACHE DEFAULT CELL_FLASH_CACHE DEFAULT)
  TABLESPACE "USERS" ;
--------------------------------------------------------
--  DDL for Table PRODUCTO
--------------------------------------------------------

  CREATE TABLE "PANADERIA"."PRODUCTO" 
   (	"PRODUCTO_ID" NUMBER(*,0) GENERATED BY DEFAULT AS IDENTITY MINVALUE 1 MAXVALUE 9999999999999999999999999999 INCREMENT BY 1 START WITH 1 CACHE 20 NOORDER  NOCYCLE  NOKEEP  NOSCALE , 
	"RECETA_ID" NUMBER(*,0), 
	"NOMBRE" VARCHAR2(50 BYTE), 
	"DESCRIPCION" VARCHAR2(255 BYTE), 
	"SUCURSAL_ID" NUMBER, 
	"PRECIO" NUMBER(10,5), 
	"IMAGEN" VARCHAR2(900 BYTE), 
	"STOCK_ORIGINAL" NUMBER, 
	"STOCK_ACTUAL" NUMBER
   ) SEGMENT CREATION IMMEDIATE 
  PCTFREE 10 PCTUSED 40 INITRANS 1 MAXTRANS 255 
 NOCOMPRESS LOGGING
  STORAGE(INITIAL 65536 NEXT 1048576 MINEXTENTS 1 MAXEXTENTS 2147483645
  PCTINCREASE 0 FREELISTS 1 FREELIST GROUPS 1
  BUFFER_POOL DEFAULT FLASH_CACHE DEFAULT CELL_FLASH_CACHE DEFAULT)
  TABLESPACE "USERS" ;
--------------------------------------------------------
--  DDL for Table RECETA
--------------------------------------------------------

  CREATE TABLE "PANADERIA"."RECETA" 
   (	"RECETA_ID" NUMBER(*,0) GENERATED BY DEFAULT AS IDENTITY MINVALUE 1 MAXVALUE 9999999999999999999999999999 INCREMENT BY 1 START WITH 1 CACHE 20 NOORDER  NOCYCLE  NOKEEP  NOSCALE , 
	"NOMBRE" VARCHAR2(50 BYTE), 
	"DESCRIPCION" VARCHAR2(255 BYTE)
   ) SEGMENT CREATION IMMEDIATE 
  PCTFREE 10 PCTUSED 40 INITRANS 1 MAXTRANS 255 
 NOCOMPRESS LOGGING
  STORAGE(INITIAL 65536 NEXT 1048576 MINEXTENTS 1 MAXEXTENTS 2147483645
  PCTINCREASE 0 FREELISTS 1 FREELIST GROUPS 1
  BUFFER_POOL DEFAULT FLASH_CACHE DEFAULT CELL_FLASH_CACHE DEFAULT)
  TABLESPACE "USERS" ;
--------------------------------------------------------
--  DDL for Table RECETA_DETALLE
--------------------------------------------------------

  CREATE TABLE "PANADERIA"."RECETA_DETALLE" 
   (	"RECETA_DETALLE_ID" NUMBER(*,0) GENERATED BY DEFAULT AS IDENTITY MINVALUE 1 MAXVALUE 9999999999999999999999999999 INCREMENT BY 1 START WITH 1 CACHE 20 NOORDER  NOCYCLE  NOKEEP  NOSCALE , 
	"RECETA_ID" NUMBER(*,0), 
	"INGREDIENTE_ID" NUMBER(*,0), 
	"CANTIDAD_NECESARIA" NUMBER(10,2), 
	"UNIDAD_MEDIDA_ID" NUMBER
   ) SEGMENT CREATION IMMEDIATE 
  PCTFREE 10 PCTUSED 40 INITRANS 1 MAXTRANS 255 
 NOCOMPRESS LOGGING
  STORAGE(INITIAL 65536 NEXT 1048576 MINEXTENTS 1 MAXEXTENTS 2147483645
  PCTINCREASE 0 FREELISTS 1 FREELIST GROUPS 1
  BUFFER_POOL DEFAULT FLASH_CACHE DEFAULT CELL_FLASH_CACHE DEFAULT)
  TABLESPACE "USERS" ;
--------------------------------------------------------
--  DDL for Table ROL_TIPO
--------------------------------------------------------

  CREATE TABLE "PANADERIA"."ROL_TIPO" 
   (	"ROL_TIPO_ID" NUMBER(*,0) GENERATED BY DEFAULT AS IDENTITY MINVALUE 1 MAXVALUE 9999999999999999999999999999 INCREMENT BY 1 START WITH 1 CACHE 20 NOORDER  NOCYCLE  NOKEEP  NOSCALE , 
	"NOMBRE" VARCHAR2(50 BYTE), 
	"DESCRIPCION" VARCHAR2(255 BYTE)
   ) SEGMENT CREATION IMMEDIATE 
  PCTFREE 10 PCTUSED 40 INITRANS 1 MAXTRANS 255 
 NOCOMPRESS LOGGING
  STORAGE(INITIAL 65536 NEXT 1048576 MINEXTENTS 1 MAXEXTENTS 2147483645
  PCTINCREASE 0 FREELISTS 1 FREELIST GROUPS 1
  BUFFER_POOL DEFAULT FLASH_CACHE DEFAULT CELL_FLASH_CACHE DEFAULT)
  TABLESPACE "USERS" ;
--------------------------------------------------------
--  DDL for Table RUTA
--------------------------------------------------------

  CREATE TABLE "PANADERIA"."RUTA" 
   (	"RUTA_ID" NUMBER GENERATED BY DEFAULT AS IDENTITY MINVALUE 1 MAXVALUE 9999999999999999999999999999 INCREMENT BY 1 START WITH 1 CACHE 20 NOORDER  NOCYCLE  NOKEEP  NOSCALE , 
	"TRANSPORTE_ID" NUMBER(*,0), 
	"SUCURSAL_ID_ORIGEN" NUMBER(*,0), 
	"DESCRIPCION" VARCHAR2(255 BYTE), 
	"DISTANCIA" NUMBER(10,2), 
	"TIEMPO_ESTIMADO" NUMBER(*,0), 
	"SUCURSAL_ID_FIN" NUMBER
   ) SEGMENT CREATION IMMEDIATE 
  PCTFREE 10 PCTUSED 40 INITRANS 1 MAXTRANS 255 
 NOCOMPRESS LOGGING
  STORAGE(INITIAL 65536 NEXT 1048576 MINEXTENTS 1 MAXEXTENTS 2147483645
  PCTINCREASE 0 FREELISTS 1 FREELIST GROUPS 1
  BUFFER_POOL DEFAULT FLASH_CACHE DEFAULT CELL_FLASH_CACHE DEFAULT)
  TABLESPACE "USERS" ;
--------------------------------------------------------
--  DDL for Table STATUS
--------------------------------------------------------

  CREATE TABLE "PANADERIA"."STATUS" 
   (	"STATUS" NUMBER, 
	"MINI_SISTEM_ID" NUMBER, 
	"STATUS_PADRE" NUMBER, 
	"MINI_SISTEM_ID_PADRE" NUMBER, 
	"TITLE" VARCHAR2(20 BYTE), 
	"DESCR" VARCHAR2(100 BYTE), 
	"ORDEN" NUMBER, 
	"ICON" VARCHAR2(20 BYTE)
   ) SEGMENT CREATION IMMEDIATE 
  PCTFREE 10 PCTUSED 40 INITRANS 1 MAXTRANS 255 
 NOCOMPRESS LOGGING
  STORAGE(INITIAL 65536 NEXT 1048576 MINEXTENTS 1 MAXEXTENTS 2147483645
  PCTINCREASE 0 FREELISTS 1 FREELIST GROUPS 1
  BUFFER_POOL DEFAULT FLASH_CACHE DEFAULT CELL_FLASH_CACHE DEFAULT)
  TABLESPACE "USERS" ;
--------------------------------------------------------
--  DDL for Table SUCURSAL
--------------------------------------------------------

  CREATE TABLE "PANADERIA"."SUCURSAL" 
   (	"SUCURSAL_ID" NUMBER(*,0) GENERATED BY DEFAULT AS IDENTITY MINVALUE 1 MAXVALUE 9999999999999999999999999999 INCREMENT BY 1 START WITH 1 CACHE 20 NOORDER  NOCYCLE  NOKEEP  NOSCALE , 
	"NOMBRE" VARCHAR2(50 BYTE), 
	"DIRECCION" VARCHAR2(255 BYTE), 
	"TELEFONO" VARCHAR2(15 BYTE), 
	"EMAIL" VARCHAR2(100 BYTE), 
	"CONEXION_INTERNET" CHAR(1 BYTE)
   ) SEGMENT CREATION IMMEDIATE 
  PCTFREE 10 PCTUSED 40 INITRANS 1 MAXTRANS 255 
 NOCOMPRESS LOGGING
  STORAGE(INITIAL 65536 NEXT 1048576 MINEXTENTS 1 MAXEXTENTS 2147483645
  PCTINCREASE 0 FREELISTS 1 FREELIST GROUPS 1
  BUFFER_POOL DEFAULT FLASH_CACHE DEFAULT CELL_FLASH_CACHE DEFAULT)
  TABLESPACE "USERS" ;
--------------------------------------------------------
--  DDL for Table TRANSPORTE
--------------------------------------------------------

  CREATE TABLE "PANADERIA"."TRANSPORTE" 
   (	"TRANSPORTE_ID" NUMBER GENERATED BY DEFAULT AS IDENTITY MINVALUE 1 MAXVALUE 9999999999999999999999999999 INCREMENT BY 1 START WITH 1 CACHE 20 NOORDER  NOCYCLE  NOKEEP  NOSCALE , 
	"DESCRIPCION" VARCHAR2(255 BYTE), 
	"CAPACIDAD" NUMBER(10,2), 
	"TIPO" VARCHAR2(50 BYTE)
   ) SEGMENT CREATION IMMEDIATE 
  PCTFREE 10 PCTUSED 40 INITRANS 1 MAXTRANS 255 
 NOCOMPRESS LOGGING
  STORAGE(INITIAL 65536 NEXT 1048576 MINEXTENTS 1 MAXEXTENTS 2147483645
  PCTINCREASE 0 FREELISTS 1 FREELIST GROUPS 1
  BUFFER_POOL DEFAULT FLASH_CACHE DEFAULT CELL_FLASH_CACHE DEFAULT)
  TABLESPACE "USERS" ;
--------------------------------------------------------
--  DDL for Table TURNO
--------------------------------------------------------

  CREATE TABLE "PANADERIA"."TURNO" 
   (	"TURNO_ID" NUMBER(*,0) GENERATED BY DEFAULT AS IDENTITY MINVALUE 1 MAXVALUE 9999999999999999999999999999 INCREMENT BY 1 START WITH 1 CACHE 20 NOORDER  NOCYCLE  NOKEEP  NOSCALE , 
	"NOMBRE" VARCHAR2(50 BYTE), 
	"HORA_INICIO" NUMBER, 
	"HORA_FIN" NUMBER
   ) SEGMENT CREATION IMMEDIATE 
  PCTFREE 10 PCTUSED 40 INITRANS 1 MAXTRANS 255 
 NOCOMPRESS LOGGING
  STORAGE(INITIAL 65536 NEXT 1048576 MINEXTENTS 1 MAXEXTENTS 2147483645
  PCTINCREASE 0 FREELISTS 1 FREELIST GROUPS 1
  BUFFER_POOL DEFAULT FLASH_CACHE DEFAULT CELL_FLASH_CACHE DEFAULT)
  TABLESPACE "USERS" ;
--------------------------------------------------------
--  DDL for Table UNIDAD_MEDIDA
--------------------------------------------------------

  CREATE TABLE "PANADERIA"."UNIDAD_MEDIDA" 
   (	"UNIDAD_MEDIDA_ID" NUMBER(*,0) GENERATED BY DEFAULT AS IDENTITY MINVALUE 1 MAXVALUE 9999999999999999999999999999 INCREMENT BY 1 START WITH 1 CACHE 20 NOORDER  NOCYCLE  NOKEEP  NOSCALE , 
	"NOMBRE" VARCHAR2(50 BYTE), 
	"ABREVIATURA" VARCHAR2(10 BYTE)
   ) SEGMENT CREATION IMMEDIATE 
  PCTFREE 10 PCTUSED 40 INITRANS 1 MAXTRANS 255 
 NOCOMPRESS LOGGING
  STORAGE(INITIAL 65536 NEXT 1048576 MINEXTENTS 1 MAXEXTENTS 2147483645
  PCTINCREASE 0 FREELISTS 1 FREELIST GROUPS 1
  BUFFER_POOL DEFAULT FLASH_CACHE DEFAULT CELL_FLASH_CACHE DEFAULT)
  TABLESPACE "USERS" ;
--------------------------------------------------------
--  DDL for Table USUARIO
--------------------------------------------------------

  CREATE TABLE "PANADERIA"."USUARIO" 
   (	"USUARIO_ID" NUMBER(*,0) GENERATED BY DEFAULT AS IDENTITY MINVALUE 1 MAXVALUE 9999999999999999999999999999 INCREMENT BY 1 START WITH 1 CACHE 20 NOORDER  NOCYCLE  NOKEEP  NOSCALE , 
	"NOMBRE" VARCHAR2(50 BYTE), 
	"CONTRASENA" VARCHAR2(255 BYTE), 
	"ROL_TIPO_ID" NUMBER(*,0), 
	"FECHA_CREACION" DATE, 
	"ULTIMO_INGRESO" DATE, 
	"USUARIO" VARCHAR2(20 BYTE)
   ) SEGMENT CREATION IMMEDIATE 
  PCTFREE 10 PCTUSED 40 INITRANS 1 MAXTRANS 255 
 NOCOMPRESS LOGGING
  STORAGE(INITIAL 65536 NEXT 1048576 MINEXTENTS 1 MAXEXTENTS 2147483645
  PCTINCREASE 0 FREELISTS 1 FREELIST GROUPS 1
  BUFFER_POOL DEFAULT FLASH_CACHE DEFAULT CELL_FLASH_CACHE DEFAULT)
  TABLESPACE "USERS" ;
REM INSERTING into PANADERIA.FACTURA
SET DEFINE OFF;
REM INSERTING into PANADERIA.FACTURA_DETALLE
SET DEFINE OFF;
REM INSERTING into PANADERIA.INGREDIENTE
SET DEFINE OFF;
Insert into PANADERIA.INGREDIENTE (INGREDIENTE_ID,NOMBRE,DESCRIPCION,STOCK_ACTUAL) values (1,'Harina de trigo','Harina de trigo para todo uso',0);
Insert into PANADERIA.INGREDIENTE (INGREDIENTE_ID,NOMBRE,DESCRIPCION,STOCK_ACTUAL) values (2,'Azúcar granulado','Azúcar granulado blanco',50);
Insert into PANADERIA.INGREDIENTE (INGREDIENTE_ID,NOMBRE,DESCRIPCION,STOCK_ACTUAL) values (3,'Sal','Sal de mesa',30);
Insert into PANADERIA.INGREDIENTE (INGREDIENTE_ID,NOMBRE,DESCRIPCION,STOCK_ACTUAL) values (4,'Levadura','Levadura activa seca',25);
Insert into PANADERIA.INGREDIENTE (INGREDIENTE_ID,NOMBRE,DESCRIPCION,STOCK_ACTUAL) values (5,'Leche','Leche entera',40);
Insert into PANADERIA.INGREDIENTE (INGREDIENTE_ID,NOMBRE,DESCRIPCION,STOCK_ACTUAL) values (6,'Agua','Agua filtrada',60);
Insert into PANADERIA.INGREDIENTE (INGREDIENTE_ID,NOMBRE,DESCRIPCION,STOCK_ACTUAL) values (7,'Aceite vegetal','Aceite vegetal comestible',45);
Insert into PANADERIA.INGREDIENTE (INGREDIENTE_ID,NOMBRE,DESCRIPCION,STOCK_ACTUAL) values (8,'Huevos','Huevos frescos',36);
Insert into PANADERIA.INGREDIENTE (INGREDIENTE_ID,NOMBRE,DESCRIPCION,STOCK_ACTUAL) values (9,'Chocolate en polvo','Cacao en polvo',20);
Insert into PANADERIA.INGREDIENTE (INGREDIENTE_ID,NOMBRE,DESCRIPCION,STOCK_ACTUAL) values (10,'Vainilla','Extracto de vainilla puro',15);
Insert into PANADERIA.INGREDIENTE (INGREDIENTE_ID,NOMBRE,DESCRIPCION,STOCK_ACTUAL) values (11,'Nueces','Nueces picadas',18);
Insert into PANADERIA.INGREDIENTE (INGREDIENTE_ID,NOMBRE,DESCRIPCION,STOCK_ACTUAL) values (12,'Azúcar glas','Azúcar glas para decorar',30);
Insert into PANADERIA.INGREDIENTE (INGREDIENTE_ID,NOMBRE,DESCRIPCION,STOCK_ACTUAL) values (13,'Frosting de vainilla','Frosting de vainilla casero',25);
Insert into PANADERIA.INGREDIENTE (INGREDIENTE_ID,NOMBRE,DESCRIPCION,STOCK_ACTUAL) values (14,'Pasas','Pasas secas',22);
Insert into PANADERIA.INGREDIENTE (INGREDIENTE_ID,NOMBRE,DESCRIPCION,STOCK_ACTUAL) values (15,'Almendras','Almendras fileteadas',28);
Insert into PANADERIA.INGREDIENTE (INGREDIENTE_ID,NOMBRE,DESCRIPCION,STOCK_ACTUAL) values (16,'Canela','Canela en polvo',12);
Insert into PANADERIA.INGREDIENTE (INGREDIENTE_ID,NOMBRE,DESCRIPCION,STOCK_ACTUAL) values (17,'Cardamomo','Cardamomo en polvo',10);
Insert into PANADERIA.INGREDIENTE (INGREDIENTE_ID,NOMBRE,DESCRIPCION,STOCK_ACTUAL) values (18,'Manzanas','Manzanas frescas',18);
Insert into PANADERIA.INGREDIENTE (INGREDIENTE_ID,NOMBRE,DESCRIPCION,STOCK_ACTUAL) values (19,'Plátanos','Plátanos maduros',20);
Insert into PANADERIA.INGREDIENTE (INGREDIENTE_ID,NOMBRE,DESCRIPCION,STOCK_ACTUAL) values (20,'Masa madre','Masa madre natural',8);
Insert into PANADERIA.INGREDIENTE (INGREDIENTE_ID,NOMBRE,DESCRIPCION,STOCK_ACTUAL) values (21,'Polen de abeja','Polen de abeja para decoración',5);
Insert into PANADERIA.INGREDIENTE (INGREDIENTE_ID,NOMBRE,DESCRIPCION,STOCK_ACTUAL) values (22,'Piña enlatada','Rodajas de piña enlatada',15);
Insert into PANADERIA.INGREDIENTE (INGREDIENTE_ID,NOMBRE,DESCRIPCION,STOCK_ACTUAL) values (23,'Duraznos enlatados','Mitades de duraznos enlatados',14);
Insert into PANADERIA.INGREDIENTE (INGREDIENTE_ID,NOMBRE,DESCRIPCION,STOCK_ACTUAL) values (24,'Fresas','Fresas frescas',20);
Insert into PANADERIA.INGREDIENTE (INGREDIENTE_ID,NOMBRE,DESCRIPCION,STOCK_ACTUAL) values (25,'Chips de chocolate','Chips de chocolate semidulce',25);
Insert into PANADERIA.INGREDIENTE (INGREDIENTE_ID,NOMBRE,DESCRIPCION,STOCK_ACTUAL) values (26,'Semillas de chía','Semillas de chía orgánicas',10);
Insert into PANADERIA.INGREDIENTE (INGREDIENTE_ID,NOMBRE,DESCRIPCION,STOCK_ACTUAL) values (27,'Avena','Avena en copos',15);
Insert into PANADERIA.INGREDIENTE (INGREDIENTE_ID,NOMBRE,DESCRIPCION,STOCK_ACTUAL) values (28,'Nueces','Nueces enteras',22);
REM INSERTING into PANADERIA.MINI_SISTEM
SET DEFINE OFF;
Insert into PANADERIA.MINI_SISTEM (MINI_SISTEM_ID,DESCRIPCION) values (1,'ESTADOS DE PEDIDOS');
REM INSERTING into PANADERIA.PEDIDO
SET DEFINE OFF;
Insert into PANADERIA.PEDIDO (PEDIDO_ID,CANTIDAD_SOLICITADA,FECHA_PEDIDO,FECHA_DESPACHO,USUARIO_ID,FECHA_INGRESO_REAL,RUTA_ID,STATUS,MINI_SISTEM_ID) values (49,10,to_date('14/10/23','DD/MM/RR'),to_date('14/10/23','DD/MM/RR'),5,to_date('14/10/23','DD/MM/RR'),1,1,1);
Insert into PANADERIA.PEDIDO (PEDIDO_ID,CANTIDAD_SOLICITADA,FECHA_PEDIDO,FECHA_DESPACHO,USUARIO_ID,FECHA_INGRESO_REAL,RUTA_ID,STATUS,MINI_SISTEM_ID) values (66,0,to_date('20/10/23','DD/MM/RR'),null,21,to_date('20/10/23','DD/MM/RR'),21,1,1);
Insert into PANADERIA.PEDIDO (PEDIDO_ID,CANTIDAD_SOLICITADA,FECHA_PEDIDO,FECHA_DESPACHO,USUARIO_ID,FECHA_INGRESO_REAL,RUTA_ID,STATUS,MINI_SISTEM_ID) values (69,134,to_date('21/10/23','DD/MM/RR'),null,21,to_date('21/10/23','DD/MM/RR'),21,1,1);
Insert into PANADERIA.PEDIDO (PEDIDO_ID,CANTIDAD_SOLICITADA,FECHA_PEDIDO,FECHA_DESPACHO,USUARIO_ID,FECHA_INGRESO_REAL,RUTA_ID,STATUS,MINI_SISTEM_ID) values (72,12,to_date('21/10/23','DD/MM/RR'),null,21,to_date('21/10/23','DD/MM/RR'),21,1,1);
Insert into PANADERIA.PEDIDO (PEDIDO_ID,CANTIDAD_SOLICITADA,FECHA_PEDIDO,FECHA_DESPACHO,USUARIO_ID,FECHA_INGRESO_REAL,RUTA_ID,STATUS,MINI_SISTEM_ID) values (76,12,to_date('23/10/23','DD/MM/RR'),null,21,to_date('21/10/23','DD/MM/RR'),21,1,1);
Insert into PANADERIA.PEDIDO (PEDIDO_ID,CANTIDAD_SOLICITADA,FECHA_PEDIDO,FECHA_DESPACHO,USUARIO_ID,FECHA_INGRESO_REAL,RUTA_ID,STATUS,MINI_SISTEM_ID) values (82,99,to_date('23/10/23','DD/MM/RR'),null,21,to_date('23/10/23','DD/MM/RR'),21,1,1);
Insert into PANADERIA.PEDIDO (PEDIDO_ID,CANTIDAD_SOLICITADA,FECHA_PEDIDO,FECHA_DESPACHO,USUARIO_ID,FECHA_INGRESO_REAL,RUTA_ID,STATUS,MINI_SISTEM_ID) values (67,12,to_date('20/10/23','DD/MM/RR'),null,21,to_date('20/10/23','DD/MM/RR'),1,1,1);
Insert into PANADERIA.PEDIDO (PEDIDO_ID,CANTIDAD_SOLICITADA,FECHA_PEDIDO,FECHA_DESPACHO,USUARIO_ID,FECHA_INGRESO_REAL,RUTA_ID,STATUS,MINI_SISTEM_ID) values (73,12,to_date('21/10/23','DD/MM/RR'),null,21,to_date('21/10/23','DD/MM/RR'),21,1,1);
Insert into PANADERIA.PEDIDO (PEDIDO_ID,CANTIDAD_SOLICITADA,FECHA_PEDIDO,FECHA_DESPACHO,USUARIO_ID,FECHA_INGRESO_REAL,RUTA_ID,STATUS,MINI_SISTEM_ID) values (122,1,to_date('30/10/23','DD/MM/RR'),null,21,to_date('30/10/23','DD/MM/RR'),21,1,1);
Insert into PANADERIA.PEDIDO (PEDIDO_ID,CANTIDAD_SOLICITADA,FECHA_PEDIDO,FECHA_DESPACHO,USUARIO_ID,FECHA_INGRESO_REAL,RUTA_ID,STATUS,MINI_SISTEM_ID) values (70,134,to_date('21/10/23','DD/MM/RR'),null,21,to_date('21/10/23','DD/MM/RR'),21,1,1);
Insert into PANADERIA.PEDIDO (PEDIDO_ID,CANTIDAD_SOLICITADA,FECHA_PEDIDO,FECHA_DESPACHO,USUARIO_ID,FECHA_INGRESO_REAL,RUTA_ID,STATUS,MINI_SISTEM_ID) values (3,10,to_date('14/10/23','DD/MM/RR'),to_date('14/10/23','DD/MM/RR'),1,to_date('14/10/23','DD/MM/RR'),1,1,1);
Insert into PANADERIA.PEDIDO (PEDIDO_ID,CANTIDAD_SOLICITADA,FECHA_PEDIDO,FECHA_DESPACHO,USUARIO_ID,FECHA_INGRESO_REAL,RUTA_ID,STATUS,MINI_SISTEM_ID) values (4,10,to_date('14/10/23','DD/MM/RR'),to_date('14/10/23','DD/MM/RR'),1,to_date('14/10/23','DD/MM/RR'),1,1,1);
Insert into PANADERIA.PEDIDO (PEDIDO_ID,CANTIDAD_SOLICITADA,FECHA_PEDIDO,FECHA_DESPACHO,USUARIO_ID,FECHA_INGRESO_REAL,RUTA_ID,STATUS,MINI_SISTEM_ID) values (5,10,to_date('14/10/23','DD/MM/RR'),to_date('14/10/23','DD/MM/RR'),1,to_date('14/10/23','DD/MM/RR'),1,1,1);
Insert into PANADERIA.PEDIDO (PEDIDO_ID,CANTIDAD_SOLICITADA,FECHA_PEDIDO,FECHA_DESPACHO,USUARIO_ID,FECHA_INGRESO_REAL,RUTA_ID,STATUS,MINI_SISTEM_ID) values (6,10,to_date('14/10/23','DD/MM/RR'),to_date('14/10/23','DD/MM/RR'),1,to_date('14/10/23','DD/MM/RR'),1,1,1);
Insert into PANADERIA.PEDIDO (PEDIDO_ID,CANTIDAD_SOLICITADA,FECHA_PEDIDO,FECHA_DESPACHO,USUARIO_ID,FECHA_INGRESO_REAL,RUTA_ID,STATUS,MINI_SISTEM_ID) values (8,10,to_date('14/10/23','DD/MM/RR'),to_date('14/10/23','DD/MM/RR'),1,to_date('14/10/23','DD/MM/RR'),1,1,1);
Insert into PANADERIA.PEDIDO (PEDIDO_ID,CANTIDAD_SOLICITADA,FECHA_PEDIDO,FECHA_DESPACHO,USUARIO_ID,FECHA_INGRESO_REAL,RUTA_ID,STATUS,MINI_SISTEM_ID) values (9,10,to_date('14/10/23','DD/MM/RR'),to_date('14/10/23','DD/MM/RR'),1,to_date('14/10/23','DD/MM/RR'),1,1,1);
Insert into PANADERIA.PEDIDO (PEDIDO_ID,CANTIDAD_SOLICITADA,FECHA_PEDIDO,FECHA_DESPACHO,USUARIO_ID,FECHA_INGRESO_REAL,RUTA_ID,STATUS,MINI_SISTEM_ID) values (10,10,to_date('14/10/23','DD/MM/RR'),to_date('14/10/23','DD/MM/RR'),1,to_date('14/10/23','DD/MM/RR'),1,1,1);
Insert into PANADERIA.PEDIDO (PEDIDO_ID,CANTIDAD_SOLICITADA,FECHA_PEDIDO,FECHA_DESPACHO,USUARIO_ID,FECHA_INGRESO_REAL,RUTA_ID,STATUS,MINI_SISTEM_ID) values (11,10,to_date('14/10/23','DD/MM/RR'),to_date('14/10/23','DD/MM/RR'),1,to_date('14/10/23','DD/MM/RR'),1,1,1);
Insert into PANADERIA.PEDIDO (PEDIDO_ID,CANTIDAD_SOLICITADA,FECHA_PEDIDO,FECHA_DESPACHO,USUARIO_ID,FECHA_INGRESO_REAL,RUTA_ID,STATUS,MINI_SISTEM_ID) values (12,10,to_date('14/10/23','DD/MM/RR'),to_date('14/10/23','DD/MM/RR'),1,to_date('14/10/23','DD/MM/RR'),1,1,1);
Insert into PANADERIA.PEDIDO (PEDIDO_ID,CANTIDAD_SOLICITADA,FECHA_PEDIDO,FECHA_DESPACHO,USUARIO_ID,FECHA_INGRESO_REAL,RUTA_ID,STATUS,MINI_SISTEM_ID) values (13,10,to_date('14/10/23','DD/MM/RR'),to_date('14/10/23','DD/MM/RR'),1,to_date('14/10/23','DD/MM/RR'),1,1,1);
Insert into PANADERIA.PEDIDO (PEDIDO_ID,CANTIDAD_SOLICITADA,FECHA_PEDIDO,FECHA_DESPACHO,USUARIO_ID,FECHA_INGRESO_REAL,RUTA_ID,STATUS,MINI_SISTEM_ID) values (14,10,to_date('14/10/23','DD/MM/RR'),to_date('14/10/23','DD/MM/RR'),1,to_date('14/10/23','DD/MM/RR'),1,1,1);
Insert into PANADERIA.PEDIDO (PEDIDO_ID,CANTIDAD_SOLICITADA,FECHA_PEDIDO,FECHA_DESPACHO,USUARIO_ID,FECHA_INGRESO_REAL,RUTA_ID,STATUS,MINI_SISTEM_ID) values (15,10,to_date('14/10/23','DD/MM/RR'),to_date('14/10/23','DD/MM/RR'),1,to_date('14/10/23','DD/MM/RR'),1,1,1);
Insert into PANADERIA.PEDIDO (PEDIDO_ID,CANTIDAD_SOLICITADA,FECHA_PEDIDO,FECHA_DESPACHO,USUARIO_ID,FECHA_INGRESO_REAL,RUTA_ID,STATUS,MINI_SISTEM_ID) values (16,10,to_date('14/10/23','DD/MM/RR'),to_date('14/10/23','DD/MM/RR'),1,to_date('14/10/23','DD/MM/RR'),1,1,1);
Insert into PANADERIA.PEDIDO (PEDIDO_ID,CANTIDAD_SOLICITADA,FECHA_PEDIDO,FECHA_DESPACHO,USUARIO_ID,FECHA_INGRESO_REAL,RUTA_ID,STATUS,MINI_SISTEM_ID) values (17,10,to_date('14/10/23','DD/MM/RR'),to_date('14/10/23','DD/MM/RR'),1,to_date('14/10/23','DD/MM/RR'),1,1,1);
Insert into PANADERIA.PEDIDO (PEDIDO_ID,CANTIDAD_SOLICITADA,FECHA_PEDIDO,FECHA_DESPACHO,USUARIO_ID,FECHA_INGRESO_REAL,RUTA_ID,STATUS,MINI_SISTEM_ID) values (18,10,to_date('14/10/23','DD/MM/RR'),to_date('14/10/23','DD/MM/RR'),1,to_date('14/10/23','DD/MM/RR'),1,1,1);
Insert into PANADERIA.PEDIDO (PEDIDO_ID,CANTIDAD_SOLICITADA,FECHA_PEDIDO,FECHA_DESPACHO,USUARIO_ID,FECHA_INGRESO_REAL,RUTA_ID,STATUS,MINI_SISTEM_ID) values (20,10,to_date('14/10/23','DD/MM/RR'),to_date('14/10/23','DD/MM/RR'),1,to_date('14/10/23','DD/MM/RR'),1,1,1);
Insert into PANADERIA.PEDIDO (PEDIDO_ID,CANTIDAD_SOLICITADA,FECHA_PEDIDO,FECHA_DESPACHO,USUARIO_ID,FECHA_INGRESO_REAL,RUTA_ID,STATUS,MINI_SISTEM_ID) values (21,10,to_date('14/10/23','DD/MM/RR'),to_date('14/10/23','DD/MM/RR'),1,to_date('14/10/23','DD/MM/RR'),1,1,1);
Insert into PANADERIA.PEDIDO (PEDIDO_ID,CANTIDAD_SOLICITADA,FECHA_PEDIDO,FECHA_DESPACHO,USUARIO_ID,FECHA_INGRESO_REAL,RUTA_ID,STATUS,MINI_SISTEM_ID) values (22,10,to_date('14/10/23','DD/MM/RR'),to_date('14/10/23','DD/MM/RR'),1,to_date('14/10/23','DD/MM/RR'),1,1,1);
Insert into PANADERIA.PEDIDO (PEDIDO_ID,CANTIDAD_SOLICITADA,FECHA_PEDIDO,FECHA_DESPACHO,USUARIO_ID,FECHA_INGRESO_REAL,RUTA_ID,STATUS,MINI_SISTEM_ID) values (23,10,to_date('14/10/23','DD/MM/RR'),to_date('14/10/23','DD/MM/RR'),1,to_date('14/10/23','DD/MM/RR'),1,1,1);
Insert into PANADERIA.PEDIDO (PEDIDO_ID,CANTIDAD_SOLICITADA,FECHA_PEDIDO,FECHA_DESPACHO,USUARIO_ID,FECHA_INGRESO_REAL,RUTA_ID,STATUS,MINI_SISTEM_ID) values (24,10,to_date('14/10/23','DD/MM/RR'),to_date('14/10/23','DD/MM/RR'),1,to_date('14/10/23','DD/MM/RR'),1,1,1);
Insert into PANADERIA.PEDIDO (PEDIDO_ID,CANTIDAD_SOLICITADA,FECHA_PEDIDO,FECHA_DESPACHO,USUARIO_ID,FECHA_INGRESO_REAL,RUTA_ID,STATUS,MINI_SISTEM_ID) values (25,10,to_date('14/10/23','DD/MM/RR'),to_date('14/10/23','DD/MM/RR'),1,to_date('14/10/23','DD/MM/RR'),1,1,1);
Insert into PANADERIA.PEDIDO (PEDIDO_ID,CANTIDAD_SOLICITADA,FECHA_PEDIDO,FECHA_DESPACHO,USUARIO_ID,FECHA_INGRESO_REAL,RUTA_ID,STATUS,MINI_SISTEM_ID) values (35,10,to_date('14/10/23','DD/MM/RR'),to_date('14/10/23','DD/MM/RR'),1,to_date('14/10/23','DD/MM/RR'),1,1,1);
Insert into PANADERIA.PEDIDO (PEDIDO_ID,CANTIDAD_SOLICITADA,FECHA_PEDIDO,FECHA_DESPACHO,USUARIO_ID,FECHA_INGRESO_REAL,RUTA_ID,STATUS,MINI_SISTEM_ID) values (40,10,to_date('14/10/23','DD/MM/RR'),to_date('14/10/23','DD/MM/RR'),1,to_date('14/10/23','DD/MM/RR'),1,1,1);
Insert into PANADERIA.PEDIDO (PEDIDO_ID,CANTIDAD_SOLICITADA,FECHA_PEDIDO,FECHA_DESPACHO,USUARIO_ID,FECHA_INGRESO_REAL,RUTA_ID,STATUS,MINI_SISTEM_ID) values (42,10,to_date('14/10/23','DD/MM/RR'),to_date('14/10/23','DD/MM/RR'),1,to_date('14/10/23','DD/MM/RR'),1,1,1);
Insert into PANADERIA.PEDIDO (PEDIDO_ID,CANTIDAD_SOLICITADA,FECHA_PEDIDO,FECHA_DESPACHO,USUARIO_ID,FECHA_INGRESO_REAL,RUTA_ID,STATUS,MINI_SISTEM_ID) values (74,12,to_date('21/10/23','DD/MM/RR'),null,21,to_date('21/10/23','DD/MM/RR'),21,1,1);
Insert into PANADERIA.PEDIDO (PEDIDO_ID,CANTIDAD_SOLICITADA,FECHA_PEDIDO,FECHA_DESPACHO,USUARIO_ID,FECHA_INGRESO_REAL,RUTA_ID,STATUS,MINI_SISTEM_ID) values (77,12,to_date('22/10/23','DD/MM/RR'),null,21,to_date('22/10/23','DD/MM/RR'),21,1,1);
Insert into PANADERIA.PEDIDO (PEDIDO_ID,CANTIDAD_SOLICITADA,FECHA_PEDIDO,FECHA_DESPACHO,USUARIO_ID,FECHA_INGRESO_REAL,RUTA_ID,STATUS,MINI_SISTEM_ID) values (1,1,null,null,1,null,1,1,1);
Insert into PANADERIA.PEDIDO (PEDIDO_ID,CANTIDAD_SOLICITADA,FECHA_PEDIDO,FECHA_DESPACHO,USUARIO_ID,FECHA_INGRESO_REAL,RUTA_ID,STATUS,MINI_SISTEM_ID) values (68,12,to_date('21/10/23','DD/MM/RR'),null,21,to_date('21/10/23','DD/MM/RR'),1,1,1);
Insert into PANADERIA.PEDIDO (PEDIDO_ID,CANTIDAD_SOLICITADA,FECHA_PEDIDO,FECHA_DESPACHO,USUARIO_ID,FECHA_INGRESO_REAL,RUTA_ID,STATUS,MINI_SISTEM_ID) values (71,12,to_date('21/10/23','DD/MM/RR'),null,21,to_date('21/10/23','DD/MM/RR'),1,1,1);
Insert into PANADERIA.PEDIDO (PEDIDO_ID,CANTIDAD_SOLICITADA,FECHA_PEDIDO,FECHA_DESPACHO,USUARIO_ID,FECHA_INGRESO_REAL,RUTA_ID,STATUS,MINI_SISTEM_ID) values (75,12,to_date('21/10/23','DD/MM/RR'),null,21,to_date('21/10/23','DD/MM/RR'),21,1,1);
Insert into PANADERIA.PEDIDO (PEDIDO_ID,CANTIDAD_SOLICITADA,FECHA_PEDIDO,FECHA_DESPACHO,USUARIO_ID,FECHA_INGRESO_REAL,RUTA_ID,STATUS,MINI_SISTEM_ID) values (78,10,to_date('23/10/23','DD/MM/RR'),null,21,to_date('23/10/23','DD/MM/RR'),21,1,1);
Insert into PANADERIA.PEDIDO (PEDIDO_ID,CANTIDAD_SOLICITADA,FECHA_PEDIDO,FECHA_DESPACHO,USUARIO_ID,FECHA_INGRESO_REAL,RUTA_ID,STATUS,MINI_SISTEM_ID) values (102,10,to_date('28/10/23','DD/MM/RR'),null,21,to_date('28/10/23','DD/MM/RR'),21,1,1);
REM INSERTING into PANADERIA.PEDIDO_DETALLE
SET DEFINE OFF;
Insert into PANADERIA.PEDIDO_DETALLE (PEDIDO_DET_ID,PEDIDO_ID,CANTIDAD,PRODUCTO_ID) values (42,66,12,2);
Insert into PANADERIA.PEDIDO_DETALLE (PEDIDO_DET_ID,PEDIDO_ID,CANTIDAD,PRODUCTO_ID) values (22,49,10,1);
Insert into PANADERIA.PEDIDO_DETALLE (PEDIDO_DET_ID,PEDIDO_ID,CANTIDAD,PRODUCTO_ID) values (23,49,10,1);
Insert into PANADERIA.PEDIDO_DETALLE (PEDIDO_DET_ID,PEDIDO_ID,CANTIDAD,PRODUCTO_ID) values (45,69,122,null);
Insert into PANADERIA.PEDIDO_DETALLE (PEDIDO_DET_ID,PEDIDO_ID,CANTIDAD,PRODUCTO_ID) values (46,69,12,null);
Insert into PANADERIA.PEDIDO_DETALLE (PEDIDO_DET_ID,PEDIDO_ID,CANTIDAD,PRODUCTO_ID) values (50,72,12,2);
Insert into PANADERIA.PEDIDO_DETALLE (PEDIDO_DET_ID,PEDIDO_ID,CANTIDAD,PRODUCTO_ID) values (54,76,12,2);
Insert into PANADERIA.PEDIDO_DETALLE (PEDIDO_DET_ID,PEDIDO_ID,CANTIDAD,PRODUCTO_ID) values (57,82,99,2);
Insert into PANADERIA.PEDIDO_DETALLE (PEDIDO_DET_ID,PEDIDO_ID,CANTIDAD,PRODUCTO_ID) values (43,67,12,2);
Insert into PANADERIA.PEDIDO_DETALLE (PEDIDO_DET_ID,PEDIDO_ID,CANTIDAD,PRODUCTO_ID) values (51,73,12,2);
Insert into PANADERIA.PEDIDO_DETALLE (PEDIDO_DET_ID,PEDIDO_ID,CANTIDAD,PRODUCTO_ID) values (81,122,1,2);
Insert into PANADERIA.PEDIDO_DETALLE (PEDIDO_DET_ID,PEDIDO_ID,CANTIDAD,PRODUCTO_ID) values (2,16,10,1);
Insert into PANADERIA.PEDIDO_DETALLE (PEDIDO_DET_ID,PEDIDO_ID,CANTIDAD,PRODUCTO_ID) values (47,70,122,null);
Insert into PANADERIA.PEDIDO_DETALLE (PEDIDO_DET_ID,PEDIDO_ID,CANTIDAD,PRODUCTO_ID) values (48,70,12,null);
Insert into PANADERIA.PEDIDO_DETALLE (PEDIDO_DET_ID,PEDIDO_ID,CANTIDAD,PRODUCTO_ID) values (52,74,12,2);
Insert into PANADERIA.PEDIDO_DETALLE (PEDIDO_DET_ID,PEDIDO_ID,CANTIDAD,PRODUCTO_ID) values (55,77,12,6);
Insert into PANADERIA.PEDIDO_DETALLE (PEDIDO_DET_ID,PEDIDO_ID,CANTIDAD,PRODUCTO_ID) values (44,68,12,3);
Insert into PANADERIA.PEDIDO_DETALLE (PEDIDO_DET_ID,PEDIDO_ID,CANTIDAD,PRODUCTO_ID) values (49,71,12,2);
Insert into PANADERIA.PEDIDO_DETALLE (PEDIDO_DET_ID,PEDIDO_ID,CANTIDAD,PRODUCTO_ID) values (53,75,12,2);
Insert into PANADERIA.PEDIDO_DETALLE (PEDIDO_DET_ID,PEDIDO_ID,CANTIDAD,PRODUCTO_ID) values (56,78,10,2);
Insert into PANADERIA.PEDIDO_DETALLE (PEDIDO_DET_ID,PEDIDO_ID,CANTIDAD,PRODUCTO_ID) values (61,102,10,21);
REM INSERTING into PANADERIA.PRODUCTO
SET DEFINE OFF;
Insert into PANADERIA.PRODUCTO (PRODUCTO_ID,RECETA_ID,NOMBRE,DESCRIPCION,SUCURSAL_ID,PRECIO,IMAGEN,STOCK_ORIGINAL,STOCK_ACTUAL) values (2,45,'PRODUCTO 2','1',1,33,'https://s2.abcstatics.com/media/gurmesevilla/2014/09/recetasdemagdalenas.jpg',100,0);
Insert into PANADERIA.PRODUCTO (PRODUCTO_ID,RECETA_ID,NOMBRE,DESCRIPCION,SUCURSAL_ID,PRECIO,IMAGEN,STOCK_ORIGINAL,STOCK_ACTUAL) values (3,45,'PRODUCTO 3','1',1,13,'https://s2.abcstatics.com/media/gurmesevilla/2014/09/recetasdemagdalenas.jpg',100,100);
Insert into PANADERIA.PRODUCTO (PRODUCTO_ID,RECETA_ID,NOMBRE,DESCRIPCION,SUCURSAL_ID,PRECIO,IMAGEN,STOCK_ORIGINAL,STOCK_ACTUAL) values (21,48,'PAN FRANCES','PAN FRANCES',1,4.5,'https://harinas.monisa.com/wp-content/uploads/2019/03/Pan-France%CC%81s.jpg',0,90);
Insert into PANADERIA.PRODUCTO (PRODUCTO_ID,RECETA_ID,NOMBRE,DESCRIPCION,SUCURSAL_ID,PRECIO,IMAGEN,STOCK_ORIGINAL,STOCK_ACTUAL) values (1,45,'PRODUCTO 1','1',1,12.43,'https://cdn0.recetasgratis.net/es/posts/2/4/9/pastel_de_fresa_23942_orig.jpg',100,100);
Insert into PANADERIA.PRODUCTO (PRODUCTO_ID,RECETA_ID,NOMBRE,DESCRIPCION,SUCURSAL_ID,PRECIO,IMAGEN,STOCK_ORIGINAL,STOCK_ACTUAL) values (6,48,'PAN FRANCES','TIRA DE PAN FRANCES',1,2.5,'https://harinas.monisa.com/wp-content/uploads/2019/03/Pan-France%CC%81s.jpg',0,100);
Insert into PANADERIA.PRODUCTO (PRODUCTO_ID,RECETA_ID,NOMBRE,DESCRIPCION,SUCURSAL_ID,PRECIO,IMAGEN,STOCK_ORIGINAL,STOCK_ACTUAL) values (7,53,'CANPECHANAS','CANPECHANAS DE AZUCAR',1,3.5,'https://www.guatepan.com/wp-content/uploads/2020/03/campechana-panaderia-guatepan-bakery.jpg',0,200);
REM INSERTING into PANADERIA.RECETA
SET DEFINE OFF;
Insert into PANADERIA.RECETA (RECETA_ID,NOMBRE,DESCRIPCION) values (48,'Francés','Pan Francés');
Insert into PANADERIA.RECETA (RECETA_ID,NOMBRE,DESCRIPCION) values (53,'Campechanas','Pan Campechan');
Insert into PANADERIA.RECETA (RECETA_ID,NOMBRE,DESCRIPCION) values (61,'gg',null);
Insert into PANADERIA.RECETA (RECETA_ID,NOMBRE,DESCRIPCION) values (45,'PASTEL DE FRESA','PASTEL GRANDE DE FRESA');
Insert into PANADERIA.RECETA (RECETA_ID,NOMBRE,DESCRIPCION) values (49,'Alemán','Pan Alemán');
Insert into PANADERIA.RECETA (RECETA_ID,NOMBRE,DESCRIPCION) values (54,'Shecas ','Pan Sheca');
Insert into PANADERIA.RECETA (RECETA_ID,NOMBRE,DESCRIPCION) values (50,'Cachos','Pan dulces Cachos');
Insert into PANADERIA.RECETA (RECETA_ID,NOMBRE,DESCRIPCION) values (46,'Cubos','Cubos de pan.');
Insert into PANADERIA.RECETA (RECETA_ID,NOMBRE,DESCRIPCION) values (47,'Especial','Pan especial');
Insert into PANADERIA.RECETA (RECETA_ID,NOMBRE,DESCRIPCION) values (51,'Cortadas ','Pan Cortadas');
Insert into PANADERIA.RECETA (RECETA_ID,NOMBRE,DESCRIPCION) values (52,'Batidas','Receta de las Batidas');
REM INSERTING into PANADERIA.RECETA_DETALLE
SET DEFINE OFF;
Insert into PANADERIA.RECETA_DETALLE (RECETA_DETALLE_ID,RECETA_ID,INGREDIENTE_ID,CANTIDAD_NECESARIA,UNIDAD_MEDIDA_ID) values (31,48,2,12,1);
Insert into PANADERIA.RECETA_DETALLE (RECETA_DETALLE_ID,RECETA_ID,INGREDIENTE_ID,CANTIDAD_NECESARIA,UNIDAD_MEDIDA_ID) values (32,48,1,10,3);
Insert into PANADERIA.RECETA_DETALLE (RECETA_DETALLE_ID,RECETA_ID,INGREDIENTE_ID,CANTIDAD_NECESARIA,UNIDAD_MEDIDA_ID) values (41,53,2,12,1);
Insert into PANADERIA.RECETA_DETALLE (RECETA_DETALLE_ID,RECETA_ID,INGREDIENTE_ID,CANTIDAD_NECESARIA,UNIDAD_MEDIDA_ID) values (42,53,1,10,3);
Insert into PANADERIA.RECETA_DETALLE (RECETA_DETALLE_ID,RECETA_ID,INGREDIENTE_ID,CANTIDAD_NECESARIA,UNIDAD_MEDIDA_ID) values (61,61,16,12,1);
Insert into PANADERIA.RECETA_DETALLE (RECETA_DETALLE_ID,RECETA_ID,INGREDIENTE_ID,CANTIDAD_NECESARIA,UNIDAD_MEDIDA_ID) values (43,54,2,12,1);
Insert into PANADERIA.RECETA_DETALLE (RECETA_DETALLE_ID,RECETA_ID,INGREDIENTE_ID,CANTIDAD_NECESARIA,UNIDAD_MEDIDA_ID) values (44,54,1,10,3);
Insert into PANADERIA.RECETA_DETALLE (RECETA_DETALLE_ID,RECETA_ID,INGREDIENTE_ID,CANTIDAD_NECESARIA,UNIDAD_MEDIDA_ID) values (25,45,24,12,null);
Insert into PANADERIA.RECETA_DETALLE (RECETA_DETALLE_ID,RECETA_ID,INGREDIENTE_ID,CANTIDAD_NECESARIA,UNIDAD_MEDIDA_ID) values (26,45,1,4,null);
Insert into PANADERIA.RECETA_DETALLE (RECETA_DETALLE_ID,RECETA_ID,INGREDIENTE_ID,CANTIDAD_NECESARIA,UNIDAD_MEDIDA_ID) values (33,49,2,12,1);
Insert into PANADERIA.RECETA_DETALLE (RECETA_DETALLE_ID,RECETA_ID,INGREDIENTE_ID,CANTIDAD_NECESARIA,UNIDAD_MEDIDA_ID) values (34,49,1,10,3);
Insert into PANADERIA.RECETA_DETALLE (RECETA_DETALLE_ID,RECETA_ID,INGREDIENTE_ID,CANTIDAD_NECESARIA,UNIDAD_MEDIDA_ID) values (45,54,4,12,1);
Insert into PANADERIA.RECETA_DETALLE (RECETA_DETALLE_ID,RECETA_ID,INGREDIENTE_ID,CANTIDAD_NECESARIA,UNIDAD_MEDIDA_ID) values (27,46,2,12,3);
Insert into PANADERIA.RECETA_DETALLE (RECETA_DETALLE_ID,RECETA_ID,INGREDIENTE_ID,CANTIDAD_NECESARIA,UNIDAD_MEDIDA_ID) values (28,46,1,10,1);
Insert into PANADERIA.RECETA_DETALLE (RECETA_DETALLE_ID,RECETA_ID,INGREDIENTE_ID,CANTIDAD_NECESARIA,UNIDAD_MEDIDA_ID) values (29,47,2,12,1);
Insert into PANADERIA.RECETA_DETALLE (RECETA_DETALLE_ID,RECETA_ID,INGREDIENTE_ID,CANTIDAD_NECESARIA,UNIDAD_MEDIDA_ID) values (30,47,1,10,3);
Insert into PANADERIA.RECETA_DETALLE (RECETA_DETALLE_ID,RECETA_ID,INGREDIENTE_ID,CANTIDAD_NECESARIA,UNIDAD_MEDIDA_ID) values (35,50,2,12,3);
Insert into PANADERIA.RECETA_DETALLE (RECETA_DETALLE_ID,RECETA_ID,INGREDIENTE_ID,CANTIDAD_NECESARIA,UNIDAD_MEDIDA_ID) values (36,50,1,10,3);
Insert into PANADERIA.RECETA_DETALLE (RECETA_DETALLE_ID,RECETA_ID,INGREDIENTE_ID,CANTIDAD_NECESARIA,UNIDAD_MEDIDA_ID) values (37,51,2,12,1);
Insert into PANADERIA.RECETA_DETALLE (RECETA_DETALLE_ID,RECETA_ID,INGREDIENTE_ID,CANTIDAD_NECESARIA,UNIDAD_MEDIDA_ID) values (38,51,1,10,3);
Insert into PANADERIA.RECETA_DETALLE (RECETA_DETALLE_ID,RECETA_ID,INGREDIENTE_ID,CANTIDAD_NECESARIA,UNIDAD_MEDIDA_ID) values (39,52,2,12,1);
Insert into PANADERIA.RECETA_DETALLE (RECETA_DETALLE_ID,RECETA_ID,INGREDIENTE_ID,CANTIDAD_NECESARIA,UNIDAD_MEDIDA_ID) values (40,52,1,10,3);
REM INSERTING into PANADERIA.ROL_TIPO
SET DEFINE OFF;
Insert into PANADERIA.ROL_TIPO (ROL_TIPO_ID,NOMBRE,DESCRIPCION) values (1,'Administrador','Tiene acceso completo y privilegios en el sistema');
Insert into PANADERIA.ROL_TIPO (ROL_TIPO_ID,NOMBRE,DESCRIPCION) values (2,'Usuario','Usuario con permisos limitados, solo para operaciones básicas');
Insert into PANADERIA.ROL_TIPO (ROL_TIPO_ID,NOMBRE,DESCRIPCION) values (3,'Supervisor','Puede supervisar y generar reportes, pero no tiene permisos administrativos');
Insert into PANADERIA.ROL_TIPO (ROL_TIPO_ID,NOMBRE,DESCRIPCION) values (4,'Empleado','Acceso limitado a funciones específicas relacionadas con su trabajo');
REM INSERTING into PANADERIA.RUTA
SET DEFINE OFF;
Insert into PANADERIA.RUTA (RUTA_ID,TRANSPORTE_ID,SUCURSAL_ID_ORIGEN,DESCRIPCION,DISTANCIA,TIEMPO_ESTIMADO,SUCURSAL_ID_FIN) values (21,1,1,'RUTA 3',12,1000,3);
Insert into PANADERIA.RUTA (RUTA_ID,TRANSPORTE_ID,SUCURSAL_ID_ORIGEN,DESCRIPCION,DISTANCIA,TIEMPO_ESTIMADO,SUCURSAL_ID_FIN) values (1,1,1,'RUTA 1',123,1000,2);
Insert into PANADERIA.RUTA (RUTA_ID,TRANSPORTE_ID,SUCURSAL_ID_ORIGEN,DESCRIPCION,DISTANCIA,TIEMPO_ESTIMADO,SUCURSAL_ID_FIN) values (3,1,1,'RUTA 2',123,1000,4);
REM INSERTING into PANADERIA.STATUS
SET DEFINE OFF;
Insert into PANADERIA.STATUS (STATUS,MINI_SISTEM_ID,STATUS_PADRE,MINI_SISTEM_ID_PADRE,TITLE,DESCR,ORDEN,ICON) values (1,1,null,null,'CREADO','EL PEDIDO HA SIDO CREADO',1,null);
Insert into PANADERIA.STATUS (STATUS,MINI_SISTEM_ID,STATUS_PADRE,MINI_SISTEM_ID_PADRE,TITLE,DESCR,ORDEN,ICON) values (2,1,null,null,'ENVIADO','EL PEDIDO HA SIDO ENVIADO',2,null);
Insert into PANADERIA.STATUS (STATUS,MINI_SISTEM_ID,STATUS_PADRE,MINI_SISTEM_ID_PADRE,TITLE,DESCR,ORDEN,ICON) values (3,1,null,null,'FINALIZADO','EL PEDIDO AH SIDO MARCADO COMO FINALIZADO',3,null);
REM INSERTING into PANADERIA.SUCURSAL
SET DEFINE OFF;
Insert into PANADERIA.SUCURSAL (SUCURSAL_ID,NOMBRE,DIRECCION,TELEFONO,EMAIL,CONEXION_INTERNET) values (1,'CENTRAL','Direccion Central','1234567895','central@email.com','S');
Insert into PANADERIA.SUCURSAL (SUCURSAL_ID,NOMBRE,DIRECCION,TELEFONO,EMAIL,CONEXION_INTERNET) values (2,'CHIVA','Direccion Chiva','1234567896','chiva@email.com','N');
Insert into PANADERIA.SUCURSAL (SUCURSAL_ID,NOMBRE,DIRECCION,TELEFONO,EMAIL,CONEXION_INTERNET) values (3,'BARCO','Direccion Barco','1234567897','barco@email.com','S');
Insert into PANADERIA.SUCURSAL (SUCURSAL_ID,NOMBRE,DIRECCION,TELEFONO,EMAIL,CONEXION_INTERNET) values (4,'HEYDI','Direccion Heydi','1234567898','heydi@email.com','N');
Insert into PANADERIA.SUCURSAL (SUCURSAL_ID,NOMBRE,DIRECCION,TELEFONO,EMAIL,CONEXION_INTERNET) values (5,'TERMINAL','Direccion Terminal','1234567899','terminal@email.com','S');
REM INSERTING into PANADERIA.TRANSPORTE
SET DEFINE OFF;
Insert into PANADERIA.TRANSPORTE (TRANSPORTE_ID,DESCRIPCION,CAPACIDAD,TIPO) values (1,'Furgoneta Mercedes',1000,'Furgoneta');
Insert into PANADERIA.TRANSPORTE (TRANSPORTE_ID,DESCRIPCION,CAPACIDAD,TIPO) values (2,'Camión de Reparto Isuzu',5000,'Camión');
Insert into PANADERIA.TRANSPORTE (TRANSPORTE_ID,DESCRIPCION,CAPACIDAD,TIPO) values (3,'Camioneta Pickup Ford',800,'Camioneta');
Insert into PANADERIA.TRANSPORTE (TRANSPORTE_ID,DESCRIPCION,CAPACIDAD,TIPO) values (4,'Moto de Reparto Yamaha',100,'Motocicleta');
Insert into PANADERIA.TRANSPORTE (TRANSPORTE_ID,DESCRIPCION,CAPACIDAD,TIPO) values (5,'Bicicleta de Reparto',50,'Bicicleta');
REM INSERTING into PANADERIA.TURNO
SET DEFINE OFF;
Insert into PANADERIA.TURNO (TURNO_ID,NOMBRE,HORA_INICIO,HORA_FIN) values (1,'MAÑANA',null,null);
Insert into PANADERIA.TURNO (TURNO_ID,NOMBRE,HORA_INICIO,HORA_FIN) values (2,'TARDE',null,null);
REM INSERTING into PANADERIA.UNIDAD_MEDIDA
SET DEFINE OFF;
Insert into PANADERIA.UNIDAD_MEDIDA (UNIDAD_MEDIDA_ID,NOMBRE,ABREVIATURA) values (1,'Gramo','g');
Insert into PANADERIA.UNIDAD_MEDIDA (UNIDAD_MEDIDA_ID,NOMBRE,ABREVIATURA) values (2,'Cucharada','cda');
Insert into PANADERIA.UNIDAD_MEDIDA (UNIDAD_MEDIDA_ID,NOMBRE,ABREVIATURA) values (3,'Taza','tza');
Insert into PANADERIA.UNIDAD_MEDIDA (UNIDAD_MEDIDA_ID,NOMBRE,ABREVIATURA) values (4,'Pieza','pz');
Insert into PANADERIA.UNIDAD_MEDIDA (UNIDAD_MEDIDA_ID,NOMBRE,ABREVIATURA) values (5,'Docena','dz');
REM INSERTING into PANADERIA.USUARIO
SET DEFINE OFF;
Insert into PANADERIA.USUARIO (USUARIO_ID,NOMBRE,CONTRASENA,ROL_TIPO_ID,FECHA_CREACION,ULTIMO_INGRESO,USUARIO) values (1,'Carlos Rodriguez','CarlosR123',1,to_date('07/10/23','DD/MM/RR'),to_date('07/10/23','DD/MM/RR'),'CRODRIGUEZ');
Insert into PANADERIA.USUARIO (USUARIO_ID,NOMBRE,CONTRASENA,ROL_TIPO_ID,FECHA_CREACION,ULTIMO_INGRESO,USUARIO) values (2,'Mariana Garcia','MarianaG123',2,to_date('07/10/23','DD/MM/RR'),to_date('07/10/23','DD/MM/RR'),'MGARCIA');
Insert into PANADERIA.USUARIO (USUARIO_ID,NOMBRE,CONTRASENA,ROL_TIPO_ID,FECHA_CREACION,ULTIMO_INGRESO,USUARIO) values (3,'Luis Fernandez','LuisF123',3,to_date('07/10/23','DD/MM/RR'),to_date('07/10/23','DD/MM/RR'),'LFERNANDEZ');
Insert into PANADERIA.USUARIO (USUARIO_ID,NOMBRE,CONTRASENA,ROL_TIPO_ID,FECHA_CREACION,ULTIMO_INGRESO,USUARIO) values (4,'Ana Morales','123',4,to_date('07/10/23','DD/MM/RR'),to_date('07/10/23','DD/MM/RR'),'AMORALES');
Insert into PANADERIA.USUARIO (USUARIO_ID,NOMBRE,CONTRASENA,ROL_TIPO_ID,FECHA_CREACION,ULTIMO_INGRESO,USUARIO) values (21,'root','guatemala',1,null,null,'root');
Insert into PANADERIA.USUARIO (USUARIO_ID,NOMBRE,CONTRASENA,ROL_TIPO_ID,FECHA_CREACION,ULTIMO_INGRESO,USUARIO) values (5,'string','string',1,null,null,'string');
--------------------------------------------------------
--  DDL for Index MINI_SISTEM_PK
--------------------------------------------------------

  CREATE UNIQUE INDEX "PANADERIA"."MINI_SISTEM_PK" ON "PANADERIA"."MINI_SISTEM" ("MINI_SISTEM_ID") 
  PCTFREE 10 INITRANS 2 MAXTRANS 255 COMPUTE STATISTICS 
  STORAGE(INITIAL 65536 NEXT 1048576 MINEXTENTS 1 MAXEXTENTS 2147483645
  PCTINCREASE 0 FREELISTS 1 FREELIST GROUPS 1
  BUFFER_POOL DEFAULT FLASH_CACHE DEFAULT CELL_FLASH_CACHE DEFAULT)
  TABLESPACE "USERS" ;
--------------------------------------------------------
--  DDL for Index STATUS_PK
--------------------------------------------------------

  CREATE UNIQUE INDEX "PANADERIA"."STATUS_PK" ON "PANADERIA"."STATUS" ("MINI_SISTEM_ID", "STATUS") 
  PCTFREE 10 INITRANS 2 MAXTRANS 255 COMPUTE STATISTICS 
  STORAGE(INITIAL 65536 NEXT 1048576 MINEXTENTS 1 MAXEXTENTS 2147483645
  PCTINCREASE 0 FREELISTS 1 FREELIST GROUPS 1
  BUFFER_POOL DEFAULT FLASH_CACHE DEFAULT CELL_FLASH_CACHE DEFAULT)
  TABLESPACE "USERS" ;
--------------------------------------------------------
--  DDL for Index SYS_C008473
--------------------------------------------------------

  CREATE UNIQUE INDEX "PANADERIA"."SYS_C008473" ON "PANADERIA"."INGREDIENTE" ("INGREDIENTE_ID") 
  PCTFREE 10 INITRANS 2 MAXTRANS 255 COMPUTE STATISTICS 
  STORAGE(INITIAL 65536 NEXT 1048576 MINEXTENTS 1 MAXEXTENTS 2147483645
  PCTINCREASE 0 FREELISTS 1 FREELIST GROUPS 1
  BUFFER_POOL DEFAULT FLASH_CACHE DEFAULT CELL_FLASH_CACHE DEFAULT)
  TABLESPACE "USERS" ;
--------------------------------------------------------
--  DDL for Index SYS_C008475
--------------------------------------------------------

  CREATE UNIQUE INDEX "PANADERIA"."SYS_C008475" ON "PANADERIA"."UNIDAD_MEDIDA" ("UNIDAD_MEDIDA_ID") 
  PCTFREE 10 INITRANS 2 MAXTRANS 255 COMPUTE STATISTICS 
  STORAGE(INITIAL 65536 NEXT 1048576 MINEXTENTS 1 MAXEXTENTS 2147483645
  PCTINCREASE 0 FREELISTS 1 FREELIST GROUPS 1
  BUFFER_POOL DEFAULT FLASH_CACHE DEFAULT CELL_FLASH_CACHE DEFAULT)
  TABLESPACE "USERS" ;
--------------------------------------------------------
--  DDL for Index SYS_C008477
--------------------------------------------------------

  CREATE UNIQUE INDEX "PANADERIA"."SYS_C008477" ON "PANADERIA"."RECETA" ("RECETA_ID") 
  PCTFREE 10 INITRANS 2 MAXTRANS 255 COMPUTE STATISTICS 
  STORAGE(INITIAL 65536 NEXT 1048576 MINEXTENTS 1 MAXEXTENTS 2147483645
  PCTINCREASE 0 FREELISTS 1 FREELIST GROUPS 1
  BUFFER_POOL DEFAULT FLASH_CACHE DEFAULT CELL_FLASH_CACHE DEFAULT)
  TABLESPACE "USERS" ;
--------------------------------------------------------
--  DDL for Index SYS_C008479
--------------------------------------------------------

  CREATE UNIQUE INDEX "PANADERIA"."SYS_C008479" ON "PANADERIA"."RECETA_DETALLE" ("RECETA_DETALLE_ID") 
  PCTFREE 10 INITRANS 2 MAXTRANS 255 COMPUTE STATISTICS 
  STORAGE(INITIAL 65536 NEXT 1048576 MINEXTENTS 1 MAXEXTENTS 2147483645
  PCTINCREASE 0 FREELISTS 1 FREELIST GROUPS 1
  BUFFER_POOL DEFAULT FLASH_CACHE DEFAULT CELL_FLASH_CACHE DEFAULT)
  TABLESPACE "USERS" ;
--------------------------------------------------------
--  DDL for Index SYS_C008483
--------------------------------------------------------

  CREATE UNIQUE INDEX "PANADERIA"."SYS_C008483" ON "PANADERIA"."PRODUCTO" ("PRODUCTO_ID") 
  PCTFREE 10 INITRANS 2 MAXTRANS 255 COMPUTE STATISTICS 
  STORAGE(INITIAL 65536 NEXT 1048576 MINEXTENTS 1 MAXEXTENTS 2147483645
  PCTINCREASE 0 FREELISTS 1 FREELIST GROUPS 1
  BUFFER_POOL DEFAULT FLASH_CACHE DEFAULT CELL_FLASH_CACHE DEFAULT)
  TABLESPACE "USERS" ;
--------------------------------------------------------
--  DDL for Index SYS_C008487
--------------------------------------------------------

  CREATE UNIQUE INDEX "PANADERIA"."SYS_C008487" ON "PANADERIA"."SUCURSAL" ("SUCURSAL_ID") 
  PCTFREE 10 INITRANS 2 MAXTRANS 255 COMPUTE STATISTICS 
  STORAGE(INITIAL 65536 NEXT 1048576 MINEXTENTS 1 MAXEXTENTS 2147483645
  PCTINCREASE 0 FREELISTS 1 FREELIST GROUPS 1
  BUFFER_POOL DEFAULT FLASH_CACHE DEFAULT CELL_FLASH_CACHE DEFAULT)
  TABLESPACE "USERS" ;
--------------------------------------------------------
--  DDL for Index SYS_C008489
--------------------------------------------------------

  CREATE UNIQUE INDEX "PANADERIA"."SYS_C008489" ON "PANADERIA"."PEDIDO" ("PEDIDO_ID") 
  PCTFREE 10 INITRANS 2 MAXTRANS 255 COMPUTE STATISTICS 
  STORAGE(INITIAL 65536 NEXT 1048576 MINEXTENTS 1 MAXEXTENTS 2147483645
  PCTINCREASE 0 FREELISTS 1 FREELIST GROUPS 1
  BUFFER_POOL DEFAULT FLASH_CACHE DEFAULT CELL_FLASH_CACHE DEFAULT)
  TABLESPACE "USERS" ;
--------------------------------------------------------
--  DDL for Index SYS_C008493
--------------------------------------------------------

  CREATE UNIQUE INDEX "PANADERIA"."SYS_C008493" ON "PANADERIA"."USUARIO" ("USUARIO_ID") 
  PCTFREE 10 INITRANS 2 MAXTRANS 255 COMPUTE STATISTICS 
  STORAGE(INITIAL 65536 NEXT 1048576 MINEXTENTS 1 MAXEXTENTS 2147483645
  PCTINCREASE 0 FREELISTS 1 FREELIST GROUPS 1
  BUFFER_POOL DEFAULT FLASH_CACHE DEFAULT CELL_FLASH_CACHE DEFAULT)
  TABLESPACE "USERS" ;
--------------------------------------------------------
--  DDL for Index SYS_C008495
--------------------------------------------------------

  CREATE UNIQUE INDEX "PANADERIA"."SYS_C008495" ON "PANADERIA"."ROL_TIPO" ("ROL_TIPO_ID") 
  PCTFREE 10 INITRANS 2 MAXTRANS 255 COMPUTE STATISTICS 
  STORAGE(INITIAL 65536 NEXT 1048576 MINEXTENTS 1 MAXEXTENTS 2147483645
  PCTINCREASE 0 FREELISTS 1 FREELIST GROUPS 1
  BUFFER_POOL DEFAULT FLASH_CACHE DEFAULT CELL_FLASH_CACHE DEFAULT)
  TABLESPACE "USERS" ;
--------------------------------------------------------
--  DDL for Index SYS_C008497
--------------------------------------------------------

  CREATE UNIQUE INDEX "PANADERIA"."SYS_C008497" ON "PANADERIA"."FACTURA" ("FACTURA_ID") 
  PCTFREE 10 INITRANS 2 MAXTRANS 255 COMPUTE STATISTICS 
  TABLESPACE "USERS" ;
--------------------------------------------------------
--  DDL for Index SYS_C008501
--------------------------------------------------------

  CREATE UNIQUE INDEX "PANADERIA"."SYS_C008501" ON "PANADERIA"."FACTURA_DETALLE" ("DETALLE_ID") 
  PCTFREE 10 INITRANS 2 MAXTRANS 255 COMPUTE STATISTICS 
  TABLESPACE "USERS" ;
--------------------------------------------------------
--  DDL for Index SYS_C008508
--------------------------------------------------------

  CREATE UNIQUE INDEX "PANADERIA"."SYS_C008508" ON "PANADERIA"."TURNO" ("TURNO_ID") 
  PCTFREE 10 INITRANS 2 MAXTRANS 255 COMPUTE STATISTICS 
  STORAGE(INITIAL 65536 NEXT 1048576 MINEXTENTS 1 MAXEXTENTS 2147483645
  PCTINCREASE 0 FREELISTS 1 FREELIST GROUPS 1
  BUFFER_POOL DEFAULT FLASH_CACHE DEFAULT CELL_FLASH_CACHE DEFAULT)
  TABLESPACE "USERS" ;
--------------------------------------------------------
--  DDL for Index SYS_C008511
--------------------------------------------------------

  CREATE UNIQUE INDEX "PANADERIA"."SYS_C008511" ON "PANADERIA"."TRANSPORTE" ("TRANSPORTE_ID") 
  PCTFREE 10 INITRANS 2 MAXTRANS 255 COMPUTE STATISTICS 
  STORAGE(INITIAL 65536 NEXT 1048576 MINEXTENTS 1 MAXEXTENTS 2147483645
  PCTINCREASE 0 FREELISTS 1 FREELIST GROUPS 1
  BUFFER_POOL DEFAULT FLASH_CACHE DEFAULT CELL_FLASH_CACHE DEFAULT)
  TABLESPACE "USERS" ;
--------------------------------------------------------
--  DDL for Index SYS_C008513
--------------------------------------------------------

  CREATE UNIQUE INDEX "PANADERIA"."SYS_C008513" ON "PANADERIA"."RUTA" ("RUTA_ID") 
  PCTFREE 10 INITRANS 2 MAXTRANS 255 COMPUTE STATISTICS 
  STORAGE(INITIAL 65536 NEXT 1048576 MINEXTENTS 1 MAXEXTENTS 2147483645
  PCTINCREASE 0 FREELISTS 1 FREELIST GROUPS 1
  BUFFER_POOL DEFAULT FLASH_CACHE DEFAULT CELL_FLASH_CACHE DEFAULT)
  TABLESPACE "USERS" ;
--------------------------------------------------------
--  DDL for Index SYS_C008534
--------------------------------------------------------

  CREATE UNIQUE INDEX "PANADERIA"."SYS_C008534" ON "PANADERIA"."PEDIDO_DETALLE" ("PEDIDO_DET_ID") 
  PCTFREE 10 INITRANS 2 MAXTRANS 255 COMPUTE STATISTICS 
  STORAGE(INITIAL 65536 NEXT 1048576 MINEXTENTS 1 MAXEXTENTS 2147483645
  PCTINCREASE 0 FREELISTS 1 FREELIST GROUPS 1
  BUFFER_POOL DEFAULT FLASH_CACHE DEFAULT CELL_FLASH_CACHE DEFAULT)
  TABLESPACE "USERS" ;
--------------------------------------------------------
--  DDL for Index SYS_C008497
--------------------------------------------------------

  CREATE UNIQUE INDEX "PANADERIA"."SYS_C008497" ON "PANADERIA"."FACTURA" ("FACTURA_ID") 
  PCTFREE 10 INITRANS 2 MAXTRANS 255 COMPUTE STATISTICS 
  TABLESPACE "USERS" ;
--------------------------------------------------------
--  DDL for Index SYS_C008501
--------------------------------------------------------

  CREATE UNIQUE INDEX "PANADERIA"."SYS_C008501" ON "PANADERIA"."FACTURA_DETALLE" ("DETALLE_ID") 
  PCTFREE 10 INITRANS 2 MAXTRANS 255 COMPUTE STATISTICS 
  TABLESPACE "USERS" ;
--------------------------------------------------------
--  DDL for Index SYS_C008473
--------------------------------------------------------

  CREATE UNIQUE INDEX "PANADERIA"."SYS_C008473" ON "PANADERIA"."INGREDIENTE" ("INGREDIENTE_ID") 
  PCTFREE 10 INITRANS 2 MAXTRANS 255 COMPUTE STATISTICS 
  STORAGE(INITIAL 65536 NEXT 1048576 MINEXTENTS 1 MAXEXTENTS 2147483645
  PCTINCREASE 0 FREELISTS 1 FREELIST GROUPS 1
  BUFFER_POOL DEFAULT FLASH_CACHE DEFAULT CELL_FLASH_CACHE DEFAULT)
  TABLESPACE "USERS" ;
--------------------------------------------------------
--  DDL for Index MINI_SISTEM_PK
--------------------------------------------------------

  CREATE UNIQUE INDEX "PANADERIA"."MINI_SISTEM_PK" ON "PANADERIA"."MINI_SISTEM" ("MINI_SISTEM_ID") 
  PCTFREE 10 INITRANS 2 MAXTRANS 255 COMPUTE STATISTICS 
  STORAGE(INITIAL 65536 NEXT 1048576 MINEXTENTS 1 MAXEXTENTS 2147483645
  PCTINCREASE 0 FREELISTS 1 FREELIST GROUPS 1
  BUFFER_POOL DEFAULT FLASH_CACHE DEFAULT CELL_FLASH_CACHE DEFAULT)
  TABLESPACE "USERS" ;
--------------------------------------------------------
--  DDL for Index SYS_C008489
--------------------------------------------------------

  CREATE UNIQUE INDEX "PANADERIA"."SYS_C008489" ON "PANADERIA"."PEDIDO" ("PEDIDO_ID") 
  PCTFREE 10 INITRANS 2 MAXTRANS 255 COMPUTE STATISTICS 
  STORAGE(INITIAL 65536 NEXT 1048576 MINEXTENTS 1 MAXEXTENTS 2147483645
  PCTINCREASE 0 FREELISTS 1 FREELIST GROUPS 1
  BUFFER_POOL DEFAULT FLASH_CACHE DEFAULT CELL_FLASH_CACHE DEFAULT)
  TABLESPACE "USERS" ;
--------------------------------------------------------
--  DDL for Index SYS_C008534
--------------------------------------------------------

  CREATE UNIQUE INDEX "PANADERIA"."SYS_C008534" ON "PANADERIA"."PEDIDO_DETALLE" ("PEDIDO_DET_ID") 
  PCTFREE 10 INITRANS 2 MAXTRANS 255 COMPUTE STATISTICS 
  STORAGE(INITIAL 65536 NEXT 1048576 MINEXTENTS 1 MAXEXTENTS 2147483645
  PCTINCREASE 0 FREELISTS 1 FREELIST GROUPS 1
  BUFFER_POOL DEFAULT FLASH_CACHE DEFAULT CELL_FLASH_CACHE DEFAULT)
  TABLESPACE "USERS" ;
--------------------------------------------------------
--  DDL for Index SYS_C008483
--------------------------------------------------------

  CREATE UNIQUE INDEX "PANADERIA"."SYS_C008483" ON "PANADERIA"."PRODUCTO" ("PRODUCTO_ID") 
  PCTFREE 10 INITRANS 2 MAXTRANS 255 COMPUTE STATISTICS 
  STORAGE(INITIAL 65536 NEXT 1048576 MINEXTENTS 1 MAXEXTENTS 2147483645
  PCTINCREASE 0 FREELISTS 1 FREELIST GROUPS 1
  BUFFER_POOL DEFAULT FLASH_CACHE DEFAULT CELL_FLASH_CACHE DEFAULT)
  TABLESPACE "USERS" ;
--------------------------------------------------------
--  DDL for Index SYS_C008477
--------------------------------------------------------

  CREATE UNIQUE INDEX "PANADERIA"."SYS_C008477" ON "PANADERIA"."RECETA" ("RECETA_ID") 
  PCTFREE 10 INITRANS 2 MAXTRANS 255 COMPUTE STATISTICS 
  STORAGE(INITIAL 65536 NEXT 1048576 MINEXTENTS 1 MAXEXTENTS 2147483645
  PCTINCREASE 0 FREELISTS 1 FREELIST GROUPS 1
  BUFFER_POOL DEFAULT FLASH_CACHE DEFAULT CELL_FLASH_CACHE DEFAULT)
  TABLESPACE "USERS" ;
--------------------------------------------------------
--  DDL for Index SYS_C008479
--------------------------------------------------------

  CREATE UNIQUE INDEX "PANADERIA"."SYS_C008479" ON "PANADERIA"."RECETA_DETALLE" ("RECETA_DETALLE_ID") 
  PCTFREE 10 INITRANS 2 MAXTRANS 255 COMPUTE STATISTICS 
  STORAGE(INITIAL 65536 NEXT 1048576 MINEXTENTS 1 MAXEXTENTS 2147483645
  PCTINCREASE 0 FREELISTS 1 FREELIST GROUPS 1
  BUFFER_POOL DEFAULT FLASH_CACHE DEFAULT CELL_FLASH_CACHE DEFAULT)
  TABLESPACE "USERS" ;
--------------------------------------------------------
--  DDL for Index SYS_C008495
--------------------------------------------------------

  CREATE UNIQUE INDEX "PANADERIA"."SYS_C008495" ON "PANADERIA"."ROL_TIPO" ("ROL_TIPO_ID") 
  PCTFREE 10 INITRANS 2 MAXTRANS 255 COMPUTE STATISTICS 
  STORAGE(INITIAL 65536 NEXT 1048576 MINEXTENTS 1 MAXEXTENTS 2147483645
  PCTINCREASE 0 FREELISTS 1 FREELIST GROUPS 1
  BUFFER_POOL DEFAULT FLASH_CACHE DEFAULT CELL_FLASH_CACHE DEFAULT)
  TABLESPACE "USERS" ;
--------------------------------------------------------
--  DDL for Index SYS_C008513
--------------------------------------------------------

  CREATE UNIQUE INDEX "PANADERIA"."SYS_C008513" ON "PANADERIA"."RUTA" ("RUTA_ID") 
  PCTFREE 10 INITRANS 2 MAXTRANS 255 COMPUTE STATISTICS 
  STORAGE(INITIAL 65536 NEXT 1048576 MINEXTENTS 1 MAXEXTENTS 2147483645
  PCTINCREASE 0 FREELISTS 1 FREELIST GROUPS 1
  BUFFER_POOL DEFAULT FLASH_CACHE DEFAULT CELL_FLASH_CACHE DEFAULT)
  TABLESPACE "USERS" ;
--------------------------------------------------------
--  DDL for Index STATUS_PK
--------------------------------------------------------

  CREATE UNIQUE INDEX "PANADERIA"."STATUS_PK" ON "PANADERIA"."STATUS" ("MINI_SISTEM_ID", "STATUS") 
  PCTFREE 10 INITRANS 2 MAXTRANS 255 COMPUTE STATISTICS 
  STORAGE(INITIAL 65536 NEXT 1048576 MINEXTENTS 1 MAXEXTENTS 2147483645
  PCTINCREASE 0 FREELISTS 1 FREELIST GROUPS 1
  BUFFER_POOL DEFAULT FLASH_CACHE DEFAULT CELL_FLASH_CACHE DEFAULT)
  TABLESPACE "USERS" ;
--------------------------------------------------------
--  DDL for Index SYS_C008487
--------------------------------------------------------

  CREATE UNIQUE INDEX "PANADERIA"."SYS_C008487" ON "PANADERIA"."SUCURSAL" ("SUCURSAL_ID") 
  PCTFREE 10 INITRANS 2 MAXTRANS 255 COMPUTE STATISTICS 
  STORAGE(INITIAL 65536 NEXT 1048576 MINEXTENTS 1 MAXEXTENTS 2147483645
  PCTINCREASE 0 FREELISTS 1 FREELIST GROUPS 1
  BUFFER_POOL DEFAULT FLASH_CACHE DEFAULT CELL_FLASH_CACHE DEFAULT)
  TABLESPACE "USERS" ;
--------------------------------------------------------
--  DDL for Index SYS_C008511
--------------------------------------------------------

  CREATE UNIQUE INDEX "PANADERIA"."SYS_C008511" ON "PANADERIA"."TRANSPORTE" ("TRANSPORTE_ID") 
  PCTFREE 10 INITRANS 2 MAXTRANS 255 COMPUTE STATISTICS 
  STORAGE(INITIAL 65536 NEXT 1048576 MINEXTENTS 1 MAXEXTENTS 2147483645
  PCTINCREASE 0 FREELISTS 1 FREELIST GROUPS 1
  BUFFER_POOL DEFAULT FLASH_CACHE DEFAULT CELL_FLASH_CACHE DEFAULT)
  TABLESPACE "USERS" ;
--------------------------------------------------------
--  DDL for Index SYS_C008508
--------------------------------------------------------

  CREATE UNIQUE INDEX "PANADERIA"."SYS_C008508" ON "PANADERIA"."TURNO" ("TURNO_ID") 
  PCTFREE 10 INITRANS 2 MAXTRANS 255 COMPUTE STATISTICS 
  STORAGE(INITIAL 65536 NEXT 1048576 MINEXTENTS 1 MAXEXTENTS 2147483645
  PCTINCREASE 0 FREELISTS 1 FREELIST GROUPS 1
  BUFFER_POOL DEFAULT FLASH_CACHE DEFAULT CELL_FLASH_CACHE DEFAULT)
  TABLESPACE "USERS" ;
--------------------------------------------------------
--  DDL for Index SYS_C008475
--------------------------------------------------------

  CREATE UNIQUE INDEX "PANADERIA"."SYS_C008475" ON "PANADERIA"."UNIDAD_MEDIDA" ("UNIDAD_MEDIDA_ID") 
  PCTFREE 10 INITRANS 2 MAXTRANS 255 COMPUTE STATISTICS 
  STORAGE(INITIAL 65536 NEXT 1048576 MINEXTENTS 1 MAXEXTENTS 2147483645
  PCTINCREASE 0 FREELISTS 1 FREELIST GROUPS 1
  BUFFER_POOL DEFAULT FLASH_CACHE DEFAULT CELL_FLASH_CACHE DEFAULT)
  TABLESPACE "USERS" ;
--------------------------------------------------------
--  DDL for Index SYS_C008493
--------------------------------------------------------

  CREATE UNIQUE INDEX "PANADERIA"."SYS_C008493" ON "PANADERIA"."USUARIO" ("USUARIO_ID") 
  PCTFREE 10 INITRANS 2 MAXTRANS 255 COMPUTE STATISTICS 
  STORAGE(INITIAL 65536 NEXT 1048576 MINEXTENTS 1 MAXEXTENTS 2147483645
  PCTINCREASE 0 FREELISTS 1 FREELIST GROUPS 1
  BUFFER_POOL DEFAULT FLASH_CACHE DEFAULT CELL_FLASH_CACHE DEFAULT)
  TABLESPACE "USERS" ;
--------------------------------------------------------
--  Constraints for Table FACTURA
--------------------------------------------------------

  ALTER TABLE "PANADERIA"."FACTURA" MODIFY ("FACTURA_ID" NOT NULL ENABLE);
  ALTER TABLE "PANADERIA"."FACTURA" ADD PRIMARY KEY ("FACTURA_ID")
  USING INDEX PCTFREE 10 INITRANS 2 MAXTRANS 255 COMPUTE STATISTICS 
  TABLESPACE "USERS"  ENABLE;
--------------------------------------------------------
--  Constraints for Table FACTURA_DETALLE
--------------------------------------------------------

  ALTER TABLE "PANADERIA"."FACTURA_DETALLE" MODIFY ("DETALLE_ID" NOT NULL ENABLE);
  ALTER TABLE "PANADERIA"."FACTURA_DETALLE" ADD PRIMARY KEY ("DETALLE_ID")
  USING INDEX PCTFREE 10 INITRANS 2 MAXTRANS 255 COMPUTE STATISTICS 
  TABLESPACE "USERS"  ENABLE;
--------------------------------------------------------
--  Constraints for Table INGREDIENTE
--------------------------------------------------------

  ALTER TABLE "PANADERIA"."INGREDIENTE" MODIFY ("INGREDIENTE_ID" NOT NULL ENABLE);
  ALTER TABLE "PANADERIA"."INGREDIENTE" ADD PRIMARY KEY ("INGREDIENTE_ID")
  USING INDEX PCTFREE 10 INITRANS 2 MAXTRANS 255 COMPUTE STATISTICS 
  STORAGE(INITIAL 65536 NEXT 1048576 MINEXTENTS 1 MAXEXTENTS 2147483645
  PCTINCREASE 0 FREELISTS 1 FREELIST GROUPS 1
  BUFFER_POOL DEFAULT FLASH_CACHE DEFAULT CELL_FLASH_CACHE DEFAULT)
  TABLESPACE "USERS"  ENABLE;
--------------------------------------------------------
--  Constraints for Table MINI_SISTEM
--------------------------------------------------------

  ALTER TABLE "PANADERIA"."MINI_SISTEM" MODIFY ("MINI_SISTEM_ID" NOT NULL ENABLE);
  ALTER TABLE "PANADERIA"."MINI_SISTEM" ADD CONSTRAINT "MINI_SISTEM_PK" PRIMARY KEY ("MINI_SISTEM_ID")
  USING INDEX PCTFREE 10 INITRANS 2 MAXTRANS 255 COMPUTE STATISTICS 
  STORAGE(INITIAL 65536 NEXT 1048576 MINEXTENTS 1 MAXEXTENTS 2147483645
  PCTINCREASE 0 FREELISTS 1 FREELIST GROUPS 1
  BUFFER_POOL DEFAULT FLASH_CACHE DEFAULT CELL_FLASH_CACHE DEFAULT)
  TABLESPACE "USERS"  ENABLE;
--------------------------------------------------------
--  Constraints for Table PEDIDO
--------------------------------------------------------

  ALTER TABLE "PANADERIA"."PEDIDO" MODIFY ("PEDIDO_ID" NOT NULL ENABLE);
  ALTER TABLE "PANADERIA"."PEDIDO" ADD PRIMARY KEY ("PEDIDO_ID")
  USING INDEX PCTFREE 10 INITRANS 2 MAXTRANS 255 COMPUTE STATISTICS 
  STORAGE(INITIAL 65536 NEXT 1048576 MINEXTENTS 1 MAXEXTENTS 2147483645
  PCTINCREASE 0 FREELISTS 1 FREELIST GROUPS 1
  BUFFER_POOL DEFAULT FLASH_CACHE DEFAULT CELL_FLASH_CACHE DEFAULT)
  TABLESPACE "USERS"  ENABLE;
--------------------------------------------------------
--  Constraints for Table PEDIDO_DETALLE
--------------------------------------------------------

  ALTER TABLE "PANADERIA"."PEDIDO_DETALLE" MODIFY ("PEDIDO_DET_ID" NOT NULL ENABLE);
  ALTER TABLE "PANADERIA"."PEDIDO_DETALLE" ADD PRIMARY KEY ("PEDIDO_DET_ID")
  USING INDEX PCTFREE 10 INITRANS 2 MAXTRANS 255 COMPUTE STATISTICS 
  STORAGE(INITIAL 65536 NEXT 1048576 MINEXTENTS 1 MAXEXTENTS 2147483645
  PCTINCREASE 0 FREELISTS 1 FREELIST GROUPS 1
  BUFFER_POOL DEFAULT FLASH_CACHE DEFAULT CELL_FLASH_CACHE DEFAULT)
  TABLESPACE "USERS"  ENABLE;
--------------------------------------------------------
--  Constraints for Table PRODUCTO
--------------------------------------------------------

  ALTER TABLE "PANADERIA"."PRODUCTO" MODIFY ("PRODUCTO_ID" NOT NULL ENABLE);
  ALTER TABLE "PANADERIA"."PRODUCTO" ADD PRIMARY KEY ("PRODUCTO_ID")
  USING INDEX PCTFREE 10 INITRANS 2 MAXTRANS 255 COMPUTE STATISTICS 
  STORAGE(INITIAL 65536 NEXT 1048576 MINEXTENTS 1 MAXEXTENTS 2147483645
  PCTINCREASE 0 FREELISTS 1 FREELIST GROUPS 1
  BUFFER_POOL DEFAULT FLASH_CACHE DEFAULT CELL_FLASH_CACHE DEFAULT)
  TABLESPACE "USERS"  ENABLE;
--------------------------------------------------------
--  Constraints for Table RECETA
--------------------------------------------------------

  ALTER TABLE "PANADERIA"."RECETA" MODIFY ("RECETA_ID" NOT NULL ENABLE);
  ALTER TABLE "PANADERIA"."RECETA" ADD PRIMARY KEY ("RECETA_ID")
  USING INDEX PCTFREE 10 INITRANS 2 MAXTRANS 255 COMPUTE STATISTICS 
  STORAGE(INITIAL 65536 NEXT 1048576 MINEXTENTS 1 MAXEXTENTS 2147483645
  PCTINCREASE 0 FREELISTS 1 FREELIST GROUPS 1
  BUFFER_POOL DEFAULT FLASH_CACHE DEFAULT CELL_FLASH_CACHE DEFAULT)
  TABLESPACE "USERS"  ENABLE;
--------------------------------------------------------
--  Constraints for Table RECETA_DETALLE
--------------------------------------------------------

  ALTER TABLE "PANADERIA"."RECETA_DETALLE" MODIFY ("RECETA_DETALLE_ID" NOT NULL ENABLE);
  ALTER TABLE "PANADERIA"."RECETA_DETALLE" ADD PRIMARY KEY ("RECETA_DETALLE_ID")
  USING INDEX PCTFREE 10 INITRANS 2 MAXTRANS 255 COMPUTE STATISTICS 
  STORAGE(INITIAL 65536 NEXT 1048576 MINEXTENTS 1 MAXEXTENTS 2147483645
  PCTINCREASE 0 FREELISTS 1 FREELIST GROUPS 1
  BUFFER_POOL DEFAULT FLASH_CACHE DEFAULT CELL_FLASH_CACHE DEFAULT)
  TABLESPACE "USERS"  ENABLE;
--------------------------------------------------------
--  Constraints for Table ROL_TIPO
--------------------------------------------------------

  ALTER TABLE "PANADERIA"."ROL_TIPO" MODIFY ("ROL_TIPO_ID" NOT NULL ENABLE);
  ALTER TABLE "PANADERIA"."ROL_TIPO" ADD PRIMARY KEY ("ROL_TIPO_ID")
  USING INDEX PCTFREE 10 INITRANS 2 MAXTRANS 255 COMPUTE STATISTICS 
  STORAGE(INITIAL 65536 NEXT 1048576 MINEXTENTS 1 MAXEXTENTS 2147483645
  PCTINCREASE 0 FREELISTS 1 FREELIST GROUPS 1
  BUFFER_POOL DEFAULT FLASH_CACHE DEFAULT CELL_FLASH_CACHE DEFAULT)
  TABLESPACE "USERS"  ENABLE;
--------------------------------------------------------
--  Constraints for Table RUTA
--------------------------------------------------------

  ALTER TABLE "PANADERIA"."RUTA" MODIFY ("RUTA_ID" NOT NULL ENABLE);
  ALTER TABLE "PANADERIA"."RUTA" ADD PRIMARY KEY ("RUTA_ID")
  USING INDEX PCTFREE 10 INITRANS 2 MAXTRANS 255 COMPUTE STATISTICS 
  STORAGE(INITIAL 65536 NEXT 1048576 MINEXTENTS 1 MAXEXTENTS 2147483645
  PCTINCREASE 0 FREELISTS 1 FREELIST GROUPS 1
  BUFFER_POOL DEFAULT FLASH_CACHE DEFAULT CELL_FLASH_CACHE DEFAULT)
  TABLESPACE "USERS"  ENABLE;
--------------------------------------------------------
--  Constraints for Table STATUS
--------------------------------------------------------

  ALTER TABLE "PANADERIA"."STATUS" MODIFY ("STATUS" NOT NULL ENABLE);
  ALTER TABLE "PANADERIA"."STATUS" MODIFY ("MINI_SISTEM_ID" NOT NULL ENABLE);
  ALTER TABLE "PANADERIA"."STATUS" ADD CONSTRAINT "STATUS_PK" PRIMARY KEY ("MINI_SISTEM_ID", "STATUS")
  USING INDEX PCTFREE 10 INITRANS 2 MAXTRANS 255 COMPUTE STATISTICS 
  STORAGE(INITIAL 65536 NEXT 1048576 MINEXTENTS 1 MAXEXTENTS 2147483645
  PCTINCREASE 0 FREELISTS 1 FREELIST GROUPS 1
  BUFFER_POOL DEFAULT FLASH_CACHE DEFAULT CELL_FLASH_CACHE DEFAULT)
  TABLESPACE "USERS"  ENABLE;
--------------------------------------------------------
--  Constraints for Table SUCURSAL
--------------------------------------------------------

  ALTER TABLE "PANADERIA"."SUCURSAL" MODIFY ("SUCURSAL_ID" NOT NULL ENABLE);
  ALTER TABLE "PANADERIA"."SUCURSAL" ADD CHECK (CONEXION_INTERNET IN ('S','N')) ENABLE;
  ALTER TABLE "PANADERIA"."SUCURSAL" ADD PRIMARY KEY ("SUCURSAL_ID")
  USING INDEX PCTFREE 10 INITRANS 2 MAXTRANS 255 COMPUTE STATISTICS 
  STORAGE(INITIAL 65536 NEXT 1048576 MINEXTENTS 1 MAXEXTENTS 2147483645
  PCTINCREASE 0 FREELISTS 1 FREELIST GROUPS 1
  BUFFER_POOL DEFAULT FLASH_CACHE DEFAULT CELL_FLASH_CACHE DEFAULT)
  TABLESPACE "USERS"  ENABLE;
--------------------------------------------------------
--  Constraints for Table TRANSPORTE
--------------------------------------------------------

  ALTER TABLE "PANADERIA"."TRANSPORTE" MODIFY ("TRANSPORTE_ID" NOT NULL ENABLE);
  ALTER TABLE "PANADERIA"."TRANSPORTE" ADD PRIMARY KEY ("TRANSPORTE_ID")
  USING INDEX PCTFREE 10 INITRANS 2 MAXTRANS 255 COMPUTE STATISTICS 
  STORAGE(INITIAL 65536 NEXT 1048576 MINEXTENTS 1 MAXEXTENTS 2147483645
  PCTINCREASE 0 FREELISTS 1 FREELIST GROUPS 1
  BUFFER_POOL DEFAULT FLASH_CACHE DEFAULT CELL_FLASH_CACHE DEFAULT)
  TABLESPACE "USERS"  ENABLE;
--------------------------------------------------------
--  Constraints for Table TURNO
--------------------------------------------------------

  ALTER TABLE "PANADERIA"."TURNO" MODIFY ("TURNO_ID" NOT NULL ENABLE);
  ALTER TABLE "PANADERIA"."TURNO" ADD PRIMARY KEY ("TURNO_ID")
  USING INDEX PCTFREE 10 INITRANS 2 MAXTRANS 255 COMPUTE STATISTICS 
  STORAGE(INITIAL 65536 NEXT 1048576 MINEXTENTS 1 MAXEXTENTS 2147483645
  PCTINCREASE 0 FREELISTS 1 FREELIST GROUPS 1
  BUFFER_POOL DEFAULT FLASH_CACHE DEFAULT CELL_FLASH_CACHE DEFAULT)
  TABLESPACE "USERS"  ENABLE;
--------------------------------------------------------
--  Constraints for Table UNIDAD_MEDIDA
--------------------------------------------------------

  ALTER TABLE "PANADERIA"."UNIDAD_MEDIDA" MODIFY ("UNIDAD_MEDIDA_ID" NOT NULL ENABLE);
  ALTER TABLE "PANADERIA"."UNIDAD_MEDIDA" ADD PRIMARY KEY ("UNIDAD_MEDIDA_ID")
  USING INDEX PCTFREE 10 INITRANS 2 MAXTRANS 255 COMPUTE STATISTICS 
  STORAGE(INITIAL 65536 NEXT 1048576 MINEXTENTS 1 MAXEXTENTS 2147483645
  PCTINCREASE 0 FREELISTS 1 FREELIST GROUPS 1
  BUFFER_POOL DEFAULT FLASH_CACHE DEFAULT CELL_FLASH_CACHE DEFAULT)
  TABLESPACE "USERS"  ENABLE;
--------------------------------------------------------
--  Constraints for Table USUARIO
--------------------------------------------------------

  ALTER TABLE "PANADERIA"."USUARIO" MODIFY ("USUARIO_ID" NOT NULL ENABLE);
  ALTER TABLE "PANADERIA"."USUARIO" ADD PRIMARY KEY ("USUARIO_ID")
  USING INDEX PCTFREE 10 INITRANS 2 MAXTRANS 255 COMPUTE STATISTICS 
  STORAGE(INITIAL 65536 NEXT 1048576 MINEXTENTS 1 MAXEXTENTS 2147483645
  PCTINCREASE 0 FREELISTS 1 FREELIST GROUPS 1
  BUFFER_POOL DEFAULT FLASH_CACHE DEFAULT CELL_FLASH_CACHE DEFAULT)
  TABLESPACE "USERS"  ENABLE;
--------------------------------------------------------
--  Ref Constraints for Table FACTURA
--------------------------------------------------------

  ALTER TABLE "PANADERIA"."FACTURA" ADD CONSTRAINT "FK_FACTURA_TURNO" FOREIGN KEY ("TURNO_ID")
	  REFERENCES "PANADERIA"."TURNO" ("TURNO_ID") ENABLE;
--------------------------------------------------------
--  Ref Constraints for Table FACTURA_DETALLE
--------------------------------------------------------

  ALTER TABLE "PANADERIA"."FACTURA_DETALLE" ADD FOREIGN KEY ("FACTURA_ID")
	  REFERENCES "PANADERIA"."FACTURA" ("FACTURA_ID") ENABLE;
  ALTER TABLE "PANADERIA"."FACTURA_DETALLE" ADD FOREIGN KEY ("PRODUCTO_ID")
	  REFERENCES "PANADERIA"."PRODUCTO" ("PRODUCTO_ID") ENABLE;
--------------------------------------------------------
--  Ref Constraints for Table PEDIDO
--------------------------------------------------------

  ALTER TABLE "PANADERIA"."PEDIDO" ADD CONSTRAINT "FK_PEDIDO_USUARIO" FOREIGN KEY ("USUARIO_ID")
	  REFERENCES "PANADERIA"."USUARIO" ("USUARIO_ID") ENABLE;
  ALTER TABLE "PANADERIA"."PEDIDO" ADD FOREIGN KEY ("RUTA_ID")
	  REFERENCES "PANADERIA"."RUTA" ("RUTA_ID") ENABLE;
  ALTER TABLE "PANADERIA"."PEDIDO" ADD CONSTRAINT "PEDIDO_FK1" FOREIGN KEY ("MINI_SISTEM_ID", "STATUS")
	  REFERENCES "PANADERIA"."STATUS" ("MINI_SISTEM_ID", "STATUS") ENABLE;
--------------------------------------------------------
--  Ref Constraints for Table PEDIDO_DETALLE
--------------------------------------------------------

  ALTER TABLE "PANADERIA"."PEDIDO_DETALLE" ADD CONSTRAINT "PEDIDO_DETALLE_FK2" FOREIGN KEY ("PRODUCTO_ID")
	  REFERENCES "PANADERIA"."PRODUCTO" ("PRODUCTO_ID") ENABLE;
  ALTER TABLE "PANADERIA"."PEDIDO_DETALLE" ADD CONSTRAINT "PEDIDO_DETALLE_FK1" FOREIGN KEY ("PEDIDO_ID")
	  REFERENCES "PANADERIA"."PEDIDO" ("PEDIDO_ID") ENABLE;
--------------------------------------------------------
--  Ref Constraints for Table PRODUCTO
--------------------------------------------------------

  ALTER TABLE "PANADERIA"."PRODUCTO" ADD FOREIGN KEY ("RECETA_ID")
	  REFERENCES "PANADERIA"."RECETA" ("RECETA_ID") ENABLE;
  ALTER TABLE "PANADERIA"."PRODUCTO" ADD CONSTRAINT "PRODUCTO_FK1" FOREIGN KEY ("SUCURSAL_ID")
	  REFERENCES "PANADERIA"."SUCURSAL" ("SUCURSAL_ID") ENABLE;
--------------------------------------------------------
--  Ref Constraints for Table RECETA_DETALLE
--------------------------------------------------------

  ALTER TABLE "PANADERIA"."RECETA_DETALLE" ADD FOREIGN KEY ("RECETA_ID")
	  REFERENCES "PANADERIA"."RECETA" ("RECETA_ID") ENABLE;
  ALTER TABLE "PANADERIA"."RECETA_DETALLE" ADD FOREIGN KEY ("INGREDIENTE_ID")
	  REFERENCES "PANADERIA"."INGREDIENTE" ("INGREDIENTE_ID") ENABLE;
  ALTER TABLE "PANADERIA"."RECETA_DETALLE" ADD CONSTRAINT "RECETA_DETALLE_FK1" FOREIGN KEY ("UNIDAD_MEDIDA_ID")
	  REFERENCES "PANADERIA"."UNIDAD_MEDIDA" ("UNIDAD_MEDIDA_ID") ENABLE;
--------------------------------------------------------
--  Ref Constraints for Table RUTA
--------------------------------------------------------

  ALTER TABLE "PANADERIA"."RUTA" ADD FOREIGN KEY ("TRANSPORTE_ID")
	  REFERENCES "PANADERIA"."TRANSPORTE" ("TRANSPORTE_ID") ENABLE;
  ALTER TABLE "PANADERIA"."RUTA" ADD FOREIGN KEY ("SUCURSAL_ID_ORIGEN")
	  REFERENCES "PANADERIA"."SUCURSAL" ("SUCURSAL_ID") ENABLE;
  ALTER TABLE "PANADERIA"."RUTA" ADD CONSTRAINT "RUTA_FK1" FOREIGN KEY ("SUCURSAL_ID_FIN")
	  REFERENCES "PANADERIA"."SUCURSAL" ("SUCURSAL_ID") ENABLE;
--------------------------------------------------------
--  Ref Constraints for Table STATUS
--------------------------------------------------------

  ALTER TABLE "PANADERIA"."STATUS" ADD CONSTRAINT "STATUS_FK1" FOREIGN KEY ("MINI_SISTEM_ID_PADRE", "STATUS_PADRE")
	  REFERENCES "PANADERIA"."STATUS" ("MINI_SISTEM_ID", "STATUS") ENABLE;
  ALTER TABLE "PANADERIA"."STATUS" ADD CONSTRAINT "STATUS_FK2" FOREIGN KEY ("MINI_SISTEM_ID")
	  REFERENCES "PANADERIA"."MINI_SISTEM" ("MINI_SISTEM_ID") ENABLE;
--------------------------------------------------------
--  Ref Constraints for Table USUARIO
--------------------------------------------------------

  ALTER TABLE "PANADERIA"."USUARIO" ADD CONSTRAINT "FK_USUARIO_ROL_TIPO" FOREIGN KEY ("ROL_TIPO_ID")
	  REFERENCES "PANADERIA"."ROL_TIPO" ("ROL_TIPO_ID") ENABLE;
